Molecule ChEMBL ID,Smiles,IC50 (nM)
CHEMBL3645926,CCc1ncnc(-c2ccc(C(=O)N3CCn4cnnc4C3)c(Cl)c2)c1C#Cc1ccc(N)nc1,4.83
CHEMBL3645828,CCc1ncnc(-c2cc(F)c(C(=O)N3CCN(CCCS(C)(=O)=O)CC3)c(Cl)c2)c1C#Cc1ccc(N)nc1,15.47
CHEMBL3645829,CCc1ncnc(-c2cc(F)c(C(=O)N3CCn4ccnc4C3)c(Cl)c2)c1C#Cc1ccc(N)nc1,18.28
CHEMBL3643069,CCc1ncnc(-c2ccc(C(=O)N3CCNC(=O)C3)c(OC)c2)c1C#Cc1ccc(N)nc1,19
CHEMBL3645867,CCc1ncnc(-c2cc(Cl)c(C(=O)N3CCN(C)C(=O)C3)c(Cl)c2)c1C#Cc1ccc(N)nc1,20.33
CHEMBL3645927,CCc1ncnc(-c2ccc(C(=O)N3CCn4ccnc4C3)c(Cl)c2)c1C#Cc1ccc(N)nc1,22.96
CHEMBL3640954,CCc1ncnc(-c2cnc3ccccc3c2)c1C#Cc1ccc(N)nc1,24
CHEMBL3640926,Cc1ncnc(-c2ccc(C(C)(C)C#N)cc2)c1C#Cc1ccc(N)nc1,24
CHEMBL3645832,CCc1ncnc(-c2cc(F)c(C(=O)N3CCC4(CC3)COC4)c(Cl)c2)c1C#Cc1ccc(N)nc1,25.82
CHEMBL3640925,CCc1ncnc(-c2ccc(C(C)(C)C#N)cc2)c1C#Cc1ccc(N)nc1,26
CHEMBL3641018,CCc1ncnc(-c2ccc(C(=O)N3CCNC(=O)C3)c(Cl)c2)c1C#Cc1ccc(N)nc1,27
CHEMBL3643122,CCc1ncnc(-c2ccc(C(=O)N3CCN(/C(=N/C)NC#N)CC3)c(F)c2)c1C#Cc1ccc(N)nc1,27
CHEMBL3640960,CCc1ncnc(-c2ccc(C3CC3)nc2)c1C#Cc1ccc(N)nc1,29
CHEMBL3640928,CCc1ncnc(-c2cc(C)nc(C)c2)c1C#Cc1ccc(N)nc1,29
CHEMBL3640947,Cc1ncnc(-c2cnc3ccccc3c2)c1C#Cc1ccc(N)nc1,30
CHEMBL3640956,CCc1ncnc(-c2ccc(C)nc2)c1C#Cc1ccc(N)nc1,30
CHEMBL3645827,CCc1ncnc(-c2cc(F)c(C(=O)N3CCN(C4CCC4)CC3)c(F)c2)c1C#Cc1ccc(N)nc1,30.2
CHEMBL3645924,CCc1ncnc(-c2ccc(C(=O)N3CCN(CCNS(C)(=O)=O)CC3)c(Cl)c2)c1C#Cc1ccc(N)nc1,30.6
CHEMBL3645925,CCc1ncnc(-c2ccc(C(=O)N3CCn4c(C)cnc4C3)c(Cl)c2)c1C#Cc1ccc(N)nc1,31.55
CHEMBL3645788,CCc1ncnc(-c2ccc(C(=O)NCCN3CCOCC3)c(C)c2)c1C#Cc1ccc(N)nc1,31.84
CHEMBL3640957,CCc1ncnc(-c2ccc(N3CCOCC3)nc2)c1C#Cc1ccc(N)nc1,32
CHEMBL3643065,CCc1ncnc(-c2ccc(C(=O)N3CCN(S(=O)(=O)CC)CC3)c(OC)c2)c1C#Cc1ccc(N)nc1,36
CHEMBL3641008,CCc1ncnc(-c2ccc(C(=O)N(C)CCO)c(Cl)c2)c1C#Cc1ccc(N)nc1,36
CHEMBL3645783,CCc1ncnc(-c2ccc(C(=O)N(C)C3CCS(=O)(=O)C3)c(C)c2)c1C#Cc1ccc(N)nc1,36.82
CHEMBL3643203,Cc1ncnc(-c2ccc(C(=O)N3CCCO3)c(Cl)c2)c1C#Cc1ccc(N)nc1,37
CHEMBL3640959,CCc1ncnc(-c2ccc(N(C)C)nc2)c1C#Cc1ccc(N)nc1,37
CHEMBL3645805,CCc1ncnc(-c2ccc(C(=O)N3CCNCC3)c(C)c2)c1C#Cc1ccc(N)nc1,37.16
CHEMBL3645830,CCc1ncnc(-c2cc(F)c(C(=O)N3CCn4cnnc4C3)c(Cl)c2)c1C#Cc1ccc(N)nc1,37.51
CHEMBL3643205,Cc1ncnc(-c2ccc(C(=O)N3CC(O)CO3)c(Cl)c2)c1C#Cc1ccc(N)nc1,38
CHEMBL3643197,CCc1ncnc(-c2ccc(C(=O)N3CC(O)CO3)cc2)c1C#Cc1ccc(N)nc1,39
CHEMBL3640931,Cc1ncnc(-c2ccccc2)c1C#Cc1ccc(N)nc1,39
CHEMBL3643272,CCc1ncnc(-c2ccc(C(=O)N3CCN(S(=O)(=O)CC)CC3)c(Cl)c2)c1C#Cc1ccc(N)nc1,39.47
CHEMBL3640927,CCc1cc(-c2ncnc(CC)c2C#Cc2ccc(N)nc2)ccn1,40
CHEMBL3640955,CCc1ncnc(-c2ccc(OC)nc2)c1C#Cc1ccc(N)nc1,40
CHEMBL3643195,CCc1ncnc(-c2ccc(C(=O)N3CCCO3)cc2)c1C#Cc1ccc(N)nc1,42
CHEMBL3643077,CCc1ncnc(-c2ccc(C(=O)N(C)O)c(F)c2)c1C#Cc1ccc(N)nc1,42
CHEMBL3640951,Cc1ncnc(-c2ccc(C3CC3)nc2)c1C#Cc1ccc(N)nc1,43
CHEMBL3643190,CCc1ncnc(-c2ccc(C(=O)NCCN3CCOCC3)c(F)c2)c1C#Cc1ccc(N)nc1,44
CHEMBL3645932,CCNc1ccc(C#Cc2c(CC)ncnc2-c2ccc(C(=O)N3CCn4cnnc4C3)c(F)c2)cn1,44.34
CHEMBL3645811,CCc1ncnc(-c2ccc(C(=O)N3CCCOCC3)c(C)c2)c1C#Cc1ccc(N)nc1,44.88
CHEMBL3643206,CON(C)C(=O)c1ccc(-c2ncnc(C)c2C#Cc2ccc(N)nc2)cc1Cl,45
CHEMBL3645809,CCc1ncnc(-c2ccc(C(=O)N3CCN(c4ccncc4)CC3)c(C)c2)c1C#Cc1ccc(N)nc1,45.55
CHEMBL3645820,CCc1ncnc(-c2ccc(C(=O)N3CCN4CCCC[C@@H]4C3)c(F)c2)c1C#Cc1ccc(N)nc1,45.78
CHEMBL3643184,CCc1ncnc(-c2ccc(C(=O)NCCN3CCCC3=O)c(F)c2)c1C#Cc1ccc(N)nc1,46
CHEMBL3643204,Cc1ncnc(-c2ccc(C(=O)N3CCCCO3)c(Cl)c2)c1C#Cc1ccc(N)nc1,46
CHEMBL3643112,CCc1ncnc(-c2ccc(C(=O)N3CC[S+]([O-])CC3)c(F)c2)c1C#Cc1ccc(N)nc1,46
CHEMBL3645911,CCc1ncnc(-c2cc(F)c(C(=O)N3CCN(C)C(=O)C3)c(Cl)c2)c1C#Cc1ccc(N)nc1,46.18
CHEMBL3645800,CCc1ncnc(-c2ccc(C(=O)N3CCC(C)(O)CC3)c(C)c2)c1C#Cc1ccc(N)nc1,46.61
CHEMBL3643200,Cc1ncnc(-c2ccc(C(=O)N3CCCCO3)c(F)c2)c1C#Cc1ccc(N)nc1,47
CHEMBL3640935,Cc1ncnc(-c2ccc(C(=O)N(C)C)c(F)c2)c1C#Cc1ccc(N)nc1,47
CHEMBL3643199,Cc1ncnc(-c2ccc(C(=O)N3CCCO3)c(F)c2)c1C#Cc1ccc(N)nc1,48
CHEMBL3643271,CCc1ncnc(-c2ccc(C(=O)N(C)C3CCS(=O)(=O)C3)c(Cl)c2)c1C#Cc1ccc(N)nc1,48.19
CHEMBL3645923,CCc1ncnc(-c2ccc(C(=O)N3CCN(C4CCC4)CC3)c(Cl)c2)c1C#Cc1ccc(N)nc1,48.24
CHEMBL3645877,CCc1ncnc(-c2cc(Cl)c(C(=O)N3CCC(CO)CC3)c(Cl)c2)c1C#Cc1ccc(N)nc1,48.89
CHEMBL3643109,CCc1ncnc(-c2ccc(C(=O)N3CCCOCC3)c(F)c2)c1C#Cc1ccc(N)nc1,49
CHEMBL3643223,CCc1ncnc(-c2cc(F)c(C(=O)N(C)C)c(F)c2)c1C#Cc1ccc(N)nc1,49.06
CHEMBL3643270,CCc1ncnc(-c2ccc(C(=O)N(C)OC)c(Cl)c2)c1C#Cc1ccc(N)nc1,49.97
CHEMBL3640929,CNC(=O)c1ccc(-c2ncnc(C)c2C#Cc2ccc(N)nc2)cc1Cl,50
CHEMBL3645919,CCc1ncnc(-c2ccc(C(=O)N3CCn4cnnc4C3)c(F)c2)c1C#Cc1ccc(N)nc1,50.79
CHEMBL3645836,CCc1ncnc(-c2cc(F)c(C(=O)N3CCC4(CC3)CNC4)c(Cl)c2)c1C#Cc1ccc(N)nc1,50.82
CHEMBL3645782,CCc1ncnc(-c2ccc(C(=O)N(C)OC)c(C)c2)c1C#Cc1ccc(N)nc1,51.68
CHEMBL3643201,Cc1ncnc(-c2ccc(C(=O)N3CC(O)CO3)c(F)c2)c1C#Cc1ccc(N)nc1,52
CHEMBL3643097,CCc1ncnc(-c2ccc(C(=O)N3CCN(S(=O)(=O)CC)CC3)c(F)c2)c1C#Cc1ccc(N)nc1,52
CHEMBL3643280,CCc1ncnc(-c2ccc(C(=O)N3CCCC(O)C3)c(C)c2)c1C#Cc1ccc(N)nc1,52.47
CHEMBL3643232,CCc1ncnc(-c2ccc(C(=O)N3CCC(O)CC3)c(Cl)c2)c1C#Cc1ccc(N)nc1,52.89
CHEMBL3643159,CCc1ncnc(-c2ccc(C(=O)N3CCN(O)CC3)c(Cl)c2)c1C#Cc1ccc(N)nc1,53
CHEMBL3645801,CCc1ncnc(-c2ccc(C(=O)N3CC[C@H](O)C3)c(C)c2)c1C#Cc1ccc(N)nc1,53.3
CHEMBL3643265,CCc1ncnc(-c2ccc(C(=O)N3CCCO3)c(Cl)c2)c1C#Cc1ccc(N)nc1,53.88
CHEMBL3643212,CCc1ncnc(-c2ccc(C(=O)N3CCOCC3)c(F)c2)c1C#Cc1ccc(N)nc1,55
CHEMBL3643124,CCc1ncnc(-c2ccc(C(=O)N(C)CCN3CCCC3=O)c(F)c2)c1C#Cc1ccc(N)nc1,55
CHEMBL3645821,CCc1ncnc(-c2cc(F)c(C(=O)N3CCN(CCCS(C)(=O)=O)CC3)c(F)c2)c1C#Cc1ccc(N)nc1,55.7
CHEMBL3643275,CCc1ncnc(-c2ccc(C(=O)N(C)CCN3CCCC3=O)c(Cl)c2)c1C#Cc1ccc(N)nc1,56.4
CHEMBL3640940,CCc1ncnc(-c2ccc(C(=O)N(C)C)c(F)c2)c1C#Cc1ccc(N)nc1,57
CHEMBL3643176,CCc1ncnc(-c2ccc(C(=O)N3CC[C@H](O)C3)c(F)c2)c1C#Cc1ccc(N)nc1,57
CHEMBL3640952,CCc1ncnc(-c2ccnc(C)c2)c1C#Cc1ccc(N)nc1,57
CHEMBL3643119,CCc1ncnc(-c2ccc(C(=O)N3CCNCC3)c(F)c2)c1C#Cc1ccc(N)nc1,57
CHEMBL3645982,CCc1ncnc(-c2ccc(C(=O)N3CCN(C4CCCC4O)CC3)c(Cl)c2)c1C#Cc1ccc(N)nc1,57.12
CHEMBL3643148,CCc1ncnc(-c2ccc(C(=O)N3CC[C@H](O)C3)c(Cl)c2)c1C#Cc1ccc(N)nc1,58
CHEMBL3640945,Cc1cc(-c2ncnc(C)c2C#Cc2ccc(N)nc2)ccn1,58
CHEMBL3640979,CCc1ncnc(-c2ccc(C(=O)N(C)CCCO)c(F)c2)c1C#Cc1ccc(N)nc1,58
CHEMBL3640953,CCc1ncnc(-c2ccc(C(F)(F)F)nc2)c1C#Cc1ccc(N)nc1,58
CHEMBL3645928,CCc1ncnc(-c2ccc(C(=O)N3CCN(CCCS(C)(=O)=O)CC3)c(Cl)c2)c1C#Cc1ccc(N)nc1,58.26
CHEMBL3643148,CCc1ncnc(-c2ccc(C(=O)N3CC[C@H](O)C3)c(Cl)c2)c1C#Cc1ccc(N)nc1,58.28
CHEMBL3645872,CCc1ncnc(-c2cc(Cl)c(C(=O)N3CCC(C(C)O)CC3)c(Cl)c2)c1C#Cc1ccc(N)nc1,58.79
CHEMBL3640949,Cc1ccc(-c2ncnc(C)c2C#Cc2ccc(N)nc2)cn1,59
CHEMBL3643189,CCc1ncnc(-c2ccc(C(=O)N(C)C3CCS(=O)(=O)C3)c(F)c2)c1C#Cc1ccc(N)nc1,59
CHEMBL3645770,CCc1ncnc(-c2ccc(C(=O)N3CCOCC3)c(C)c2)c1C#Cc1ccc(N)nc1,59.45
CHEMBL3641023,CCc1ncnc(-c2ccc(C(=O)N3CCN(C4CC4)CC3)c(OC)c2)c1C#Cc1ccc(N)nc1,60
CHEMBL3645920,CCc1ncnc(-c2ccc(C(=O)N3CCn4ccnc4C3)c(F)c2)c1C#Cc1ccc(N)nc1,60.47
CHEMBL3640958,CCc1ncnc(-c2ccnc(OC)c2)c1C#Cc1ccc(N)nc1,61
CHEMBL3645935,CCNc1ccc(C#Cc2c(CC)ncnc2-c2ccc(C(=O)N3CCN(CCNS(C)(=O)=O)CC3)c(F)c2)cn1,61.64
CHEMBL3643098,CCc1ncnc(-c2ccc(C(=O)N3CCN(C(C)=O)CC3)c(F)c2)c1C#Cc1ccc(N)nc1,62
CHEMBL3645799,CCc1ncnc(-c2ccc(C(=O)N3CC[S+]([O-])CC3)c(C)c2)c1C#Cc1ccc(N)nc1,62.81
CHEMBL3645784,CCc1ncnc(-c2ccc(C(=O)N3CCN(S(=O)(=O)CC)CC3)c(C)c2)c1C#Cc1ccc(N)nc1,62.89
CHEMBL3641021,CCc1ncnc(-c2ccc(C(=O)N3CCN(CC(F)F)CC3)c(OC)c2)c1C#Cc1ccc(N)nc1,63
CHEMBL3643194,CCc1ncnc(-c2ccc(C(=O)N(C)OC)c(F)c2)c1C#Cc1ccc(N)nc1,63
CHEMBL3641009,CCc1ncnc(-c2ccc(C(=O)N(C)CCOC)c(Cl)c2)c1C#Cc1ccc(N)nc1,63
CHEMBL3645974,CCc1ncnc(-c2cc(F)c(C(=O)N3CCN(C4CCCC4O)CC3)c(Cl)c2)c1C#Cc1ccc(N)nc1,63.43
CHEMBL3643145,CCc1ncnc(-c2ccc(C(=O)N3CC[S+]([O-])CC3)c(Cl)c2)c1C#Cc1ccc(N)nc1,63.59
CHEMBL3645931,CCNc1ccc(C#Cc2c(CC)ncnc2-c2ccc(C(=O)N3CCn4ccnc4C3)c(F)c2)cn1,63.84
CHEMBL3645798,CCc1ncnc(-c2ccc(C(=O)NC3CCCN(C)C3)c(C)c2)c1C#Cc1ccc(N)nc1,63.89
CHEMBL3643116,CCc1ncnc(-c2ccc(C(=O)N3CCCC(O)C3)c(F)c2)c1C#Cc1ccc(N)nc1,64
CHEMBL3643145,CCc1ncnc(-c2ccc(C(=O)N3CC[S+]([O-])CC3)c(Cl)c2)c1C#Cc1ccc(N)nc1,64
CHEMBL3640950,Cc1ncnc(-c2ccc(N3CCCCC3)nc2)c1C#Cc1ccc(N)nc1,64
CHEMBL3643193,CCc1ncnc(-c2ccc(C(=O)N3CC(O)CO3)c(F)c2)c1C#Cc1ccc(N)nc1,64
CHEMBL3641002,CCc1ncnc(-c2ccc(C(=O)N3CCN(C4CC4)CC3)c(Cl)c2)c1C#Cc1ccc(N)nc1,65
CHEMBL3643202,CON(C)C(=O)c1ccc(-c2ncnc(C)c2C#Cc2ccc(N)nc2)cc1F,65
CHEMBL3643150,CCc1ncnc(-c2ccc(C(=O)N3CCCC(O)C3)c(Cl)c2)c1C#Cc1ccc(N)nc1,65
CHEMBL3643160,CCc1ncnc(-c2ccc(C(=O)N3CCCOCC3)c(Cl)c2)c1C#Cc1ccc(N)nc1,65
CHEMBL3640932,Cc1ncnc(-c2ccc(S(C)(=O)=O)cc2)c1C#Cc1ccc(N)nc1,65
CHEMBL3643225,CCc1ncnc(-c2cc(F)c(C(=O)NC)c(F)c2)c1C#Cc1ccc(N)nc1,65
CHEMBL3643168,Cc1ncnc(-c2ccc(C(=O)N3CCN(C4CCOCC4)CC3)cc2)c1C#Cc1ccc(N)nc1,65
CHEMBL3643150,CCc1ncnc(-c2ccc(C(=O)N3CCCC(O)C3)c(Cl)c2)c1C#Cc1ccc(N)nc1,65.05
CHEMBL3643160,CCc1ncnc(-c2ccc(C(=O)N3CCCOCC3)c(Cl)c2)c1C#Cc1ccc(N)nc1,65.32
CHEMBL3643149,CCc1ncnc(-c2ccc(C(=O)N3CC[C@@H](O)C3)c(Cl)c2)c1C#Cc1ccc(N)nc1,65.6
CHEMBL3643149,CCc1ncnc(-c2ccc(C(=O)N3CC[C@@H](O)C3)c(Cl)c2)c1C#Cc1ccc(N)nc1,66
CHEMBL3643161,CCc1ncnc(-c2ccc(C(=O)NCC3(C)COC3)c(Cl)c2)c1C#Cc1ccc(N)nc1,66
CHEMBL3640938,CCc1ncnc(-c2ccc(S(C)(=O)=O)cc2)c1C#Cc1ccc(N)nc1,66
CHEMBL3643161,CCc1ncnc(-c2ccc(C(=O)NCC3(C)COC3)c(Cl)c2)c1C#Cc1ccc(N)nc1,66
CHEMBL3643198,CCc1ncnc(-c2ccc(C(=O)N(C)OC)cc2)c1C#Cc1ccc(N)nc1,66
CHEMBL3643263,CCc1ncnc(-c2ccc(C(=O)N3CCOCC3)c(Cl)c2)c1C#Cc1ccc(N)nc1,66.47
CHEMBL3640974,CCc1ncnc(-c2ccc(Cl)c(C(=O)NC)c2)c1C#Cc1ccc(N)nc1,67
CHEMBL3643163,Cc1ncnc(-c2ccc(C(=O)N3CCN(c4ccccc4)CC3)cc2)c1C#Cc1ccc(N)nc1,67
CHEMBL3643156,CCc1ncnc(-c2ccc(C(=O)N(C)O)c(Cl)c2)c1C#Cc1ccc(N)nc1,67
CHEMBL3643156,CCc1ncnc(-c2ccc(C(=O)N(C)O)c(Cl)c2)c1C#Cc1ccc(N)nc1,67.44
CHEMBL3645825,CCc1ncnc(-c2cc(F)c(C(=O)N3CCC4(CC3)COC4)c(F)c2)c1C#Cc1ccc(N)nc1,67.85
CHEMBL3645795,CCc1ncnc(-c2ccc(C(=O)N3CCC4(CC3)OCCCO4)c(C)c2)c1C#Cc1ccc(N)nc1,67.85
CHEMBL3643088,CCc1ncnc(-c2ccc(C(=O)N(C)CCC3(O)CCCC3)c(F)c2)c1C#Cc1ccc(N)nc1,68
CHEMBL3640963,Cc1ncnc(-c2cc(Cl)cc(C(=O)N(C)C)c2)c1C#Cc1ccc(N)nc1,68
CHEMBL3641004,CCc1ncnc(-c2ccc(C(=O)N(C)CCCOC)c(Cl)c2)c1C#Cc1ccc(N)nc1,68
CHEMBL3643177,CCc1ncnc(-c2ccc(C(=O)N3CC[C@@H](O)C3)c(F)c2)c1C#Cc1ccc(N)nc1,69
CHEMBL3645977,CCc1ncnc(-c2cc(F)c(C(=O)N3CCC4(CC3)CC(=O)CO4)c(Cl)c2)c1C#Cc1ccc(N)nc1,69.07
CHEMBL3645807,CCc1ncnc(-c2ccc(C(=O)N3CCCN(C)CC3)c(C)c2)c1C#Cc1ccc(N)nc1,69.07
CHEMBL3643251,CCc1ncnc(-c2ccc(C(=O)N(C)OC)c(OC)c2)c1C#Cc1ccc(N)nc1,69.38
CHEMBL3645842,CCc1ncnc(-c2ccc(C(=O)NCC3CCNCC3)c(F)c2)c1C#Cc1ccc(N)nc1,69.98
CHEMBL3645822,CCc1ncnc(-c2cc(F)c(C(=O)N3CCn4ccnc4C3)c(F)c2)c1C#Cc1ccc(N)nc1,70.64
CHEMBL3640936,CCc1ncnc(-c2ccc(C(=O)NC)c(Cl)c2)c1C#Cc1ccc(N)nc1,71
CHEMBL3645785,CCOC(=O)N1CCN(C(=O)c2ccc(-c3ncnc(CC)c3C#Cc3ccc(N)nc3)cc2C)CC1,71.52
CHEMBL3645878,CCc1ncnc(-c2cc(Cl)c(C(=O)N3CCN(CCC#N)CC3)c(Cl)c2)c1C#Cc1ccc(N)nc1,71.77
CHEMBL3645781,CCc1ncnc(-c2ccc(C(=O)N3CCC(N(C)C)CC3)c(C)c2)c1C#Cc1ccc(N)nc1,71.94
CHEMBL3643187,CCc1ncnc(-c2ccc(C(=O)NCC3(C)COC3)c(F)c2)c1C#Cc1ccc(N)nc1,72
CHEMBL3640975,CCc1ncnc(-c2cccc(C(=O)NC)c2)c1C#Cc1ccc(N)nc1,72
CHEMBL3643066,CCc1ncnc(-c2ccc(C(=O)N3CCN(C(C)=O)CC3)c(OC)c2)c1C#Cc1ccc(N)nc1,73
CHEMBL3645794,CCc1ncnc(-c2ccc(C(=O)N3CCN(CC4CC4)CC3)c(C)c2)c1C#Cc1ccc(N)nc1,73.48
CHEMBL3643240,CCc1ncnc(-c2ccc(C(=O)N3CC(O)CO3)c(OC)c2)c1C#Cc1ccc(N)nc1,74.54
CHEMBL3645871,CCc1ncnc(-c2cc(Cl)c(C(=O)N3CCN(CC(C)(C)O)CC3)c(Cl)c2)c1C#Cc1ccc(N)nc1,74.6
CHEMBL3645980,CCc1ncnc(-c2ccc(C(=O)N3CCN(C(C)CO)CC3)c(Cl)c2)c1C#Cc1ccc(N)nc1,76.12
CHEMBL3643147,CCc1ncnc(-c2ccc(C(=O)N3CCC(C)(O)CC3)c(Cl)c2)c1C#Cc1ccc(N)nc1,76.79
CHEMBL3643147,CCc1ncnc(-c2ccc(C(=O)N3CCC(C)(O)CC3)c(Cl)c2)c1C#Cc1ccc(N)nc1,77
CHEMBL3643196,CCc1ncnc(-c2ccc(C(=O)N3CCCCO3)cc2)c1C#Cc1ccc(N)nc1,77
CHEMBL3645810,CCc1ncnc(-c2ccc(C(=O)N3CCC(O)CC3)c(C)c2)c1C#Cc1ccc(N)nc1,77.85
CHEMBL3640976,CCc1ncnc(-c2ccc(C(=O)N(C)CCCOC)c(F)c2)c1C#Cc1ccc(N)nc1,78
CHEMBL3640948,COc1ccc(-c2ncnc(C)c2C#Cc2ccc(N)nc2)cn1,78
CHEMBL3643218,CCc1ncnc(-c2cc(F)c(C(=O)N3CCN(CCOC)CC3)c(F)c2)c1C#Cc1ccc(N)nc1,78.8
CHEMBL3643277,CCc1ncnc(-c2ccc(C(=O)N3CCC(C(C)(C)O)CC3)c(C)c2)c1C#Cc1ccc(N)nc1,78.85
CHEMBL3643185,CCc1ncnc(-c2ccc(C(=O)NC3CCS(=O)(=O)C3)c(F)c2)c1C#Cc1ccc(N)nc1,79
CHEMBL3643191,CCc1ncnc(-c2ccc(C(=O)N3CCCO3)c(F)c2)c1C#Cc1ccc(N)nc1,80
CHEMBL3643064,CCc1ncnc(-c2ccc(C(=O)N3CCN(CC(F)(F)F)CC3)c(OC)c2)c1C#Cc1ccc(N)nc1,81
CHEMBL3643166,Cc1ncnc(-c2ccc(C(=O)N3CCN4CCCCC4C3)cc2)c1C#Cc1ccc(N)nc1,81
CHEMBL3645917,CCc1ncnc(-c2ccc(C(=O)N3CCN(CCNS(C)(=O)=O)CC3)c(F)c2)c1C#Cc1ccc(N)nc1,81.31
CHEMBL3643273,CCOC(=O)N1CCN(C(=O)c2ccc(-c3ncnc(CC)c3C#Cc3ccc(N)nc3)cc2Cl)CC1,81.71
CHEMBL3643114,CCc1ncnc(-c2ccc(C(=O)N3CCN(OC)CC3)c(F)c2)c1C#Cc1ccc(N)nc1,82
CHEMBL3645787,CCc1ncnc(-c2ccc(C(=O)N3CCC(N4CCCCC4)CC3)c(C)c2)c1C#Cc1ccc(N)nc1,82.31
CHEMBL3641010,CCc1ncnc(-c2ccc(C(=O)N3CCN(CCO)CC3)c(Cl)c2)c1C#Cc1ccc(N)nc1,84
CHEMBL3643089,CCc1ncnc(-c2ccc(C(=O)N(C)CC(C)(C)O)c(F)c2)c1C#Cc1ccc(N)nc1,84
CHEMBL3643278,CCc1ncnc(-c2ccc(C(=O)N3CCN(C4CCOCC4)CC3)c(C)c2)c1C#Cc1ccc(N)nc1,84.39
CHEMBL3643080,CCc1ncnc(-c2ccc(C(=O)N3CCC(O)CC3)c(F)c2)c1C#Cc1ccc(N)nc1,85
CHEMBL3645823,CCc1ncnc(-c2cc(F)c(C(=O)N3CCn4cnnc4C3)c(F)c2)c1C#Cc1ccc(N)nc1,85.79
CHEMBL3645874,CCc1ncnc(-c2cc(Cl)c(C(=O)N3CCN(CC(F)F)CC3)c(Cl)c2)c1C#Cc1ccc(N)nc1,85.82
CHEMBL3643071,CCc1ncnc(-c2ccc(C(=O)N3CCN(CC(F)F)CC3)c(F)c2)c1C#Cc1ccc(N)nc1,86
CHEMBL3640930,Cc1ncnc(-c2ccc(C(=O)N(C)C)cc2)c1C#Cc1ccc(N)nc1,86
CHEMBL3645976,CCc1ncnc(-c2cc(F)c(C(=O)N3CCN(CCOCCO)CC3)c(Cl)c2)c1C#Cc1ccc(N)nc1,86.05
CHEMBL3643256,CCc1ncnc(-c2ccc(C(=O)N(C)CCN3CCCC3=O)c(OC)c2)c1C#Cc1ccc(N)nc1,88
CHEMBL3643264,CCc1ncnc(-c2ccc(C(=O)N3CC(O)CO3)c(Cl)c2)c1C#Cc1ccc(N)nc1,88.29
CHEMBL3641013,CCc1ncnc(-c2ccc(C(=O)N3CCN(c4ccccc4)CC3)c(Cl)c2)c1C#Cc1ccc(N)nc1,89
CHEMBL3645905,CCc1ncnc(-c2cc(F)c(C(=O)N3CCN(C)CC3)c(Cl)c2)c1C#Cc1ccc(N)nc1,89.79
CHEMBL3643229,CCc1ncnc(-c2ccc(C(=O)N3CCC4(CC3)OCCCO4)c(Cl)c2)c1C#Cc1ccc(N)nc1,90.45
CHEMBL3645791,CCc1ncnc(-c2ccc(C(=O)N3CCN(CC4CCCCC4)CC3)c(C)c2)c1C#Cc1ccc(N)nc1,90.69
CHEMBL3645922,CCc1ncnc(-c2ccc(C(=O)N3CCC4(CC3)CNC4)c(Cl)c2)c1C#Cc1ccc(N)nc1,90.72
CHEMBL3645870,CCc1ncnc(-c2cc(Cl)c(C(=O)N3CCN(CC)CC3)c(Cl)c2)c1C#Cc1ccc(N)nc1,90.89
CHEMBL3645913,CCc1ncnc(-c2cc(F)c(C(=O)N3CCC(C(C)O)CC3)c(Cl)c2)c1C#Cc1ccc(N)nc1,91.52
CHEMBL3640994,CCc1ncnc(-c2ccc(C(=O)N3CCN(S(=O)(=O)CC)CC3)c(F)c2)c1C#Cc1ccc(N)nc1C,92
CHEMBL3645921,CCc1ncnc(-c2ccc(C(=O)N3CCN(CCCS(C)(=O)=O)CC3)c(F)c2)c1C#Cc1ccc(N)nc1,92.16
CHEMBL3645983,CCc1ncnc(-c2ccc(C(=O)N3CCN(CC(C)O)CC3)c(Cl)c2)c1C#Cc1ccc(N)nc1,92.8
CHEMBL3643146,CCc1ncnc(-c2ccc(C(=O)N3CCC(OC)CC3)c(Cl)c2)c1C#Cc1ccc(N)nc1,93.52
CHEMBL3643146,CCc1ncnc(-c2ccc(C(=O)N3CCC(OC)CC3)c(Cl)c2)c1C#Cc1ccc(N)nc1,94
CHEMBL3643094,CCc1ncnc(-c2ccc(C(=O)N3CCN(C4CCS(=O)(=O)C4)CC3)c(F)c2)c1C#Cc1ccc(N)nc1,95
CHEMBL3645875,CCc1ncnc(-c2cc(Cl)c(C(=O)N3CCC(C)(O)CC3)c(Cl)c2)c1C#Cc1ccc(N)nc1,95.16
CHEMBL3645918,CCc1ncnc(-c2ccc(C(=O)N3CCn4c(C)cnc4C3)c(F)c2)c1C#Cc1ccc(N)nc1,95.37
CHEMBL3645843,CCc1ncnc(-c2ccc(C(=O)N(C)C3CCOCC3)c(F)c2)c1C#Cc1ccc(N)nc1,96.52
CHEMBL3643236,CCc1ncnc(-c2ccc(C(=O)N3CCC(N4CCN(C)CC4)CC3)c(OC)c2)c1C#Cc1ccc(N)nc1,96.86
CHEMBL3641005,CCc1ncnc(-c2ccc(C(=O)N3CCN(C4CCOCC4)CC3)c(Cl)c2)c1C#Cc1ccc(N)nc1,97
CHEMBL3641020,CCc1ncnc(-c2ccc(C(=O)N3CCN(C(C)=O)CC3)c(Cl)c2)c1C#Cc1ccc(N)nc1,97
CHEMBL3645873,CCc1ncnc(-c2cc(Cl)c(C(=O)N3CCC(C(C)(C)O)CC3)c(Cl)c2)c1C#Cc1ccc(N)nc1,98.1
CHEMBL3640937,CCc1ncnc(-c2ccccc2)c1C#Cc1ccc(N)nc1,99
CHEMBL3640946,Cc1ncnc(-c2ccc(C(F)(F)F)nc2)c1C#Cc1ccc(N)nc1,99
CHEMBL3640942,CCc1ncnc(-c2ccc(S(C)(=O)=O)cc2)c1C#Cc1ccc(C)nc1,99
CHEMBL3643262,CCc1ncnc(-c2ccc(C(=O)N3CCC(N4CCOCC4)CC3)c(Cl)c2)c1C#Cc1ccc(N)nc1,99.86
CHEMBL3643239,CCc1ncnc(-c2ccc(C(=O)N3CCOCC3)c(OC)c2)c1C#Cc1ccc(N)nc1,100.3
CHEMBL3643230,CCc1ncnc(-c2ccc(C(=O)N3CCC(C(C)(C)O)CC3)c(Cl)c2)c1C#Cc1ccc(N)nc1,100.6
CHEMBL3643142,CCc1ncnc(-c2ccc(C(=O)N3CCN(C(C)(C)O)CC3)c(Cl)c2)c1C#Cc1ccc(N)nc1,101
CHEMBL3643252,CCc1ncnc(-c2ccc(C(=O)N(C)C3CCS(=O)(=O)C3)c(OC)c2)c1C#Cc1ccc(N)nc1,102.7
CHEMBL3640982,CCc1ncnc(-c2ccc(C(=O)N(C)CCOC)c(F)c2)c1C#Cc1ccc(N)nc1,103
CHEMBL3643237,CCc1ncnc(-c2ccc(C(=O)N3CCCC(O)C3)c(OC)c2)c1C#Cc1ccc(N)nc1,104.2
CHEMBL3643192,CCc1ncnc(-c2ccc(C(=O)N3CCCCO3)c(F)c2)c1C#Cc1ccc(N)nc1,105
CHEMBL3643169,Cc1ncnc(-c2ccc(C(=O)N3CCN(CCO)CC3)cc2)c1C#Cc1ccc(N)nc1,106
CHEMBL3645967,CCc1ncnc(-c2cc(F)c(C(=O)N3CCN(C4CCCC4O)CC3)c(F)c2)c1C#Cc1ccc(N)nc1,106.03
CHEMBL3645771,CCc1ncnc(-c2ccc(C(=O)N3CC(O)CO3)c(C)c2)c1C#Cc1ccc(N)nc1,106.9
CHEMBL3645816,CCc1ncnc(-c2ccc(C(=O)N3CCN4CCC[C@H]4C3)c(Cl)c2)c1C#Cc1ccc(N)nc1,107.4
CHEMBL3645984,CCc1ncnc(-c2ccc(C(=O)N3CCN(CCOCCO)CC3)c(Cl)c2)c1C#Cc1ccc(N)nc1,107.46
CHEMBL3643125,CCc1ncnc(-c2ccc(C(=O)N3CCOC(C)(C)C3)c(F)c2)c1C#Cc1ccc(N)nc1,108
CHEMBL3645970,CCc1ncnc(-c2cc(F)c(C(=O)N3CCN(Cc4cc(C)no4)CC3)c(Cl)c2)c1C#Cc1ccc(N)nc1,108.17
CHEMBL3643125,CCc1ncnc(-c2ccc(C(=O)N3CCOC(C)(C)C3)c(F)c2)c1C#Cc1ccc(N)nc1,108.2
CHEMBL3645972,CCc1ncnc(-c2cc(F)c(C(=O)N3CCN(C(C)CO)CC3)c(Cl)c2)c1C#Cc1ccc(N)nc1,108.46
CHEMBL3643099,CCc1ncnc(-c2ccc(C(=O)N3CCN(CCO)CC3)c(F)c2)c1C#Cc1ccc(N)nc1,109
CHEMBL3640986,CCc1ncnc(-c2ccc(C(=O)N3CCCCC3)c(Cl)c2)c1C#Cc1ccc(N)nc1,109
CHEMBL3648885,CCc1ncnc(-c2ccc(C(=O)N3CCN(CCOCCO)CC3)c(F)c2)c1C#Cc1ccc(N)nc1,109.07
CHEMBL3645961,CCc1ncnc(-c2ccc(C(=O)N3CCc4ncccc4C3)c(F)c2)c1C#Cc1ccc(N)nc1,109.4
CHEMBL3645915,CCc1ncnc(-c2cc(F)c(C(=O)N3CCN(CCC#N)CC3)c(Cl)c2)c1C#Cc1ccc(N)nc1,109.7
CHEMBL3639419,CCc1ncnc(-c2ccc(C(=O)C3CCC(C)(O)CC3)c(F)c2)c1C#Cc1ccc(N)nc1,110
CHEMBL3645793,CCc1ncnc(-c2ccc(C(=O)N3CCN(Cc4ccccc4)CC3)c(C)c2)c1C#Cc1ccc(N)nc1,110
CHEMBL3645971,CCc1ncnc(-c2cc(F)c(C(=O)N3CCN(C(C)COC)CC3)c(Cl)c2)c1C#Cc1ccc(N)nc1,110.06
CHEMBL3645929,CCNc1ccc(C#Cc2c(CC)ncnc2-c2ccc(C(=O)N3CCN(CCCS(C)(=O)=O)CC3)c(F)c2)cn1,110.2
CHEMBL3645978,CCc1ncnc(-c2ccc(C(=O)N3CCN(Cc4cc(C)no4)CC3)c(Cl)c2)c1C#Cc1ccc(N)nc1,110.31
CHEMBL3645968,CCc1ncnc(-c2cc(F)c(C(=O)N3CCN(CCOCCO)CC3)c(F)c2)c1C#Cc1ccc(N)nc1,112.89
CHEMBL3645942,CCc1ncnc(-c2ccc(C(=O)N3CCN(C4COC4)CC3)c(F)c2)c1C#Cc1ccc(N)nc1,113.1
CHEMBL3643274,CCc1ncnc(-c2ccc(C(=O)NCCN3CCOCC3)c(Cl)c2)c1C#Cc1ccc(N)nc1,113.4
CHEMBL3645778,CCc1ncnc(-c2ccc(C(=O)N3CC[C@@H](N(C)C)C3)c(C)c2)c1C#Cc1ccc(N)nc1,114.6
CHEMBL3645833,CCc1ncnc(-c2cc(F)c(C(=O)N3CCN(CCNS(C)(=O)=O)CC3)c(Cl)c2)c1C#Cc1ccc(N)nc1,114.7
CHEMBL3643138,CCc1ncnc(-c2ccc(C(=O)N3CCN(C)C(=O)C3)c(F)c2)c1C#Cc1ccc(N)nc1,115
CHEMBL3643093,CCc1ncnc(-c2ccc(C(=O)N3CCN(CC(=O)N(C)C)CC3)c(F)c2)c1C#Cc1ccc(N)nc1,115
CHEMBL3645912,CCc1ncnc(-c2cc(F)c(C(=O)N3CCN(CC(C)(C)O)CC3)c(Cl)c2)c1C#Cc1ccc(N)nc1,115.4
CHEMBL3640995,CCc1ncnc(-c2ccc(C(=O)N3CCOCC3)c(F)c2)c1C#Cc1ccc(N)nc1C,116
CHEMBL3643164,COCCN1CCN(C(=O)c2ccc(-c3ncnc(C)c3C#Cc3ccc(N)nc3)cc2)CC1,118
CHEMBL3643096,CCc1ncnc(-c2ccc(C(=O)N3CCN(CC4CCCO4)CC3)c(F)c2)c1C#Cc1ccc(N)nc1,118
CHEMBL3641011,CCc1ncnc(-c2ccc(C(=O)N3CCN(c4ccccn4)CC3)c(Cl)c2)c1C#Cc1ccc(N)nc1,118
CHEMBL3643255,CCc1ncnc(-c2ccc(C(=O)NCCN3CCOCC3)c(OC)c2)c1C#Cc1ccc(N)nc1,118.4
CHEMBL3643136,CCc1ncnc(-c2ccc(C(=O)N3CCC[C@@H]3CO)c(F)c2)c1C#Cc1ccc(N)nc1,119
CHEMBL3645944,CCc1ncnc(-c2ccc(C(=O)N3CCN(C4COC4)CC3)c(Cl)c2)c1C#Cc1ccc(N)nc1,119.3
CHEMBL3645914,CCc1ncnc(-c2cc(F)c(C(=O)N3CCC(CO)CC3)c(Cl)c2)c1C#Cc1ccc(N)nc1,120.1
CHEMBL3645824,CCc1ncnc(-c2cc(F)c(C(=O)N3CCn4c(C)cnc4C3)c(F)c2)c1C#Cc1ccc(N)nc1,120.1
CHEMBL3645909,CCc1ncnc(-c2cc(F)c(C(=O)N3CCC(C(C)(C)O)CC3)c(Cl)c2)c1C#Cc1ccc(N)nc1,120.7
CHEMBL3643061,CCc1ncnc(-c2ccc(C(=O)N3CCN(C4CCOCC4)CC3)c(OC)c2)c1C#Cc1ccc(N)nc1,121
CHEMBL3641006,CCc1ncnc(-c2ccc(C(=O)N3CCN(C4CCS(=O)(=O)C4)CC3)c(Cl)c2)c1C#Cc1ccc(N)nc1,121
CHEMBL3645962,CCc1ncnc(-c2ccc(C(=O)N3CCN(CC(C)O)CC3)c(F)c2)c1C#Cc1ccc(N)nc1,121.5
CHEMBL3645979,CCc1ncnc(-c2ccc(C(=O)N3CCN(C(C)COC)CC3)c(Cl)c2)c1C#Cc1ccc(N)nc1,121.81
CHEMBL3645831,CCc1ncnc(-c2cc(F)c(C(=O)N3CCn4c(C)cnc4C3)c(Cl)c2)c1C#Cc1ccc(N)nc1,122.3
CHEMBL3645869,CCc1ncnc(-c2cc(Cl)c(C(=O)N3CCN(C)CC3)c(Cl)c2)c1C#Cc1ccc(N)nc1,122.8
CHEMBL3640997,CCc1ncnc(-c2ccc(C(=O)N3CCN(CC(=O)N(C)C)CC3)c(F)c2)c1C#Cc1ccc(N)nc1C,123
CHEMBL3643219,CCc1ncnc(-c2cc(F)c(C(=O)N3CCN(C4CCOCC4)CC3)c(F)c2)c1C#Cc1ccc(N)nc1,123.8
CHEMBL3643100,CCc1ncnc(-c2ccc(C(=O)N3CCN(c4ccccn4)CC3)c(F)c2)c1C#Cc1ccc(N)nc1,124
CHEMBL3643224,CCc1ncnc(-c2cc(F)c(C(=O)N3CCCC3)c(F)c2)c1C#Cc1ccc(N)nc1,124.8
CHEMBL3643170,Cc1ncnc(-c2ccc(C(=O)N3CCN(C4CCCC4)CC3)cc2)c1C#Cc1ccc(N)nc1,125
CHEMBL3643111,CCc1ncnc(-c2ccc(C(=O)N3CCC(CCO)CC3)c(F)c2)c1C#Cc1ccc(N)nc1,125
CHEMBL3645981,CCc1ncnc(-c2ccc(C(=O)N3CCN(Cc4nc(C)c(C)o4)CC3)c(Cl)c2)c1C#Cc1ccc(N)nc1,126.66
CHEMBL3645817,CCc1ncnc(-c2ccc(C(=O)N3CCN4CCC[C@H]4C3)c(F)c2)c1C#Cc1ccc(N)nc1,126.7
CHEMBL3643126,CCc1ncnc(-c2ccc(C(=O)N3CCN(C4CC4)CC3)c(F)c2)c1C#Cc1ccc(N)nc1,127
CHEMBL3643092,CCc1ncnc(-c2ccc(C(=O)N3CCN(C4CCOCC4)CC3)c(F)c2)c1C#Cc1ccc(N)nc1,127
CHEMBL3643121,CCOC(=O)N1CCN(C(=O)c2ccc(-c3ncnc(CC)c3C#Cc3ccc(N)nc3)cc2F)CC1,129
CHEMBL3643268,CCc1ncnc(-c2ccc(C(=O)N3CC[C@H](N(C)C)C3)c(Cl)c2)c1C#Cc1ccc(N)nc1,129.2
CHEMBL3645866,CCc1ncnc(-c2cc(Cl)c(C(=O)N3CCN4CCC[C@H]4C3)c(Cl)c2)c1C#Cc1ccc(N)nc1,129.3
CHEMBL3643214,CCc1ncnc(-c2cc(F)c(C(=O)N3CCN(C)CC3)c(F)c2)c1C#Cc1ccc(N)nc1,132.4
CHEMBL3643078,CCc1ncnc(-c2ccc(C(=O)N3CCN(CC(F)(F)F)CC3)c(F)c2)c1C#Cc1ccc(N)nc1,133
CHEMBL3643217,CCCN1CCN(C(=O)c2c(F)cc(-c3ncnc(CC)c3C#Cc3ccc(N)nc3)cc2F)CC1,133.4
CHEMBL3645933,CCNc1ccc(C#Cc2c(CC)ncnc2-c2ccc(C(=O)N3CCn4c(C)cnc4C3)c(F)c2)cn1,133.7
CHEMBL3643062,CCc1ncnc(-c2ccc(C(=O)N3CCN(CCOC)CC3)c(OC)c2)c1C#Cc1ccc(N)nc1,134
CHEMBL3643167,Cc1ncnc(-c2ccc(C(=O)N3CCN(C4CCS(=O)(=O)C4)CC3)cc2)c1C#Cc1ccc(N)nc1,134
CHEMBL3639420,CCc1ncnc(-c2ccc(C(=O)NC3CCN(CCOC)CC3)c(F)c2)c1C#Cc1ccc(N)nc1,134
CHEMBL3640981,CCc1ncnc(-c2ccc(C(=O)N(C)CCO)c(F)c2)c1C#Cc1ccc(N)nc1,135
CHEMBL3643140,CCc1ncnc(-c2ccc(C(=O)N3CCC[C@H]3CO)c(F)c2)c1C#Cc1ccc(N)nc1,135.9
CHEMBL3643140,CCc1ncnc(-c2ccc(C(=O)N3CCC[C@H]3CO)c(F)c2)c1C#Cc1ccc(N)nc1,136
CHEMBL3643261,CCc1ncnc(-c2ccc(C(=O)N3CCC(N4CCN(C)CC4)CC3)c(Cl)c2)c1C#Cc1ccc(N)nc1,136.6
CHEMBL3640943,CCc1ncnc(-c2ccc(C(=O)N(C)C)cc2)c1C#Cc1ccc(C)nc1,137
CHEMBL3645960,CCc1ncnc(-c2ccc(C(=O)N3CCN(C4CCCC4O)CC3)c(F)c2)c1C#Cc1ccc(N)nc1,137.2
CHEMBL3648882,CCc1ncnc(-c2ccc(C(=O)N3CCN(Cc4ncon4)CC3)c(Cl)c2)c1C#Cc1ccc(N)nc1,137.31
CHEMBL3645876,CCc1ncnc(-c2cc(Cl)c(C(=O)N3CCN(C=O)CC3)c(Cl)c2)c1C#Cc1ccc(N)nc1,138.2
CHEMBL3645946,CCc1ncnc(-c2cc(F)c(C(=O)N3CCN(C4COC4)CC3)c(F)c2)c1C#Cc1ccc(N)nc1,140.8
CHEMBL3645908,CCc1ncnc(-c2cc(F)c(C(=O)N3CCC(N4CCOCC4)CC3)c(Cl)c2)c1C#Cc1ccc(N)nc1,141.3
CHEMBL3645863,CCc1ncnc(-c2ccc(C(=O)N3CC[C@H](N(C)C)C3)c(Cl)c2)c1C#Cc1ccc(NC)nc1,141.5
CHEMBL3643131,CCc1ncnc(-c2ccc(C(=O)N3CCC(O)(c4ccccc4)CC3)c(F)c2)c1C#Cc1ccc(N)nc1,142
CHEMBL3645904,CCc1ncnc(-c2ccc(C(=O)N3CCC(C(C)(C)O)CC3)c(C(F)(F)F)c2)c1C#Cc1ccc(N)nc1,142.4
CHEMBL3648888,CCc1ncnc(-c2ccc(C(=O)N3CCN(C)C[C@@H]3C)c(F)c2)c1C#Cc1ccc(N)nc1,143.82
CHEMBL3645969,CCc1ncnc(-c2cc(F)c(C(=O)N3CCC4(CC3)CC(=O)CO4)c(F)c2)c1C#Cc1ccc(N)nc1,144.41
CHEMBL3643103,CCc1ncnc(-c2ccc(C(=O)N3CCN(CCOC)CC3)c(F)c2)c1C#Cc1ccc(N)nc1,145
CHEMBL3645772,CCc1ncnc(-c2ccc(C(=O)N3CCCO3)c(C)c2)c1C#Cc1ccc(N)nc1,145.6
CHEMBL3643090,CCc1ncnc(-c2ccc(C(=O)N3CCN(C(C)=O)CC3)c(F)c2)c1C#Cc1ccc(N)nc1C,146
CHEMBL3643238,CCc1ncnc(-c2ccc(C(=O)N3CCC(N4CCOCC4)CC3)c(OC)c2)c1C#Cc1ccc(N)nc1,146.4
CHEMBL3643276,CCCCN1CCN(C(=O)c2ccc(-c3ncnc(CC)c3C#Cc3ccc(N)nc3)cc2C)CC1,147
CHEMBL3643246,CCc1ncnc(-c2ccc(C(=O)N3CC[C@H](N(C)C)C3)c(OC)c2)c1C#Cc1ccc(N)nc1,148.4
CHEMBL3648883,CCc1ncnc(-c2ccc(C(=O)N3CCN(C)C[C@H]3C)c(Cl)c2)c1C#Cc1ccc(N)nc1,148.58
CHEMBL3645812,CCc1ncnc(-c2ccc(C(=O)NCC3(C)COC3)c(C)c2)c1C#Cc1ccc(N)nc1,149.1
CHEMBL3648884,CCc1ncnc(-c2ccc(C(=O)N3CCN(C)C[C@@H]3C)c(Cl)c2)c1C#Cc1ccc(N)nc1,149.4
CHEMBL3648871,CCc1ncnc(-c2ccc(C(=O)N3C[C@@H]4CCN(C(=O)OC(C)(C)C)[C@@H]4C3)c(F)c2)c1C#Cc1ccc(N)nc1,150.52
CHEMBL3643104,CCc1ncnc(-c2ccc(C(=O)N3CCN(C4CCCC4)CC3)c(F)c2)c1C#Cc1ccc(N)nc1,151
CHEMBL3643067,CCc1ncnc(-c2ccc(C(=O)N3CCN(CCO)CC3)c(OC)c2)c1C#Cc1ccc(N)nc1,152
CHEMBL3643165,CCCCN1CCN(C(=O)c2ccc(-c3ncnc(C)c3C#Cc3ccc(N)nc3)cc2)CC1,153
CHEMBL3639448,CCc1ncnc(-c2ccc(C(=O)N3CCN(C4COC4)CC3)c(F)c2)c1C#Cc1ccc(N)nc1C,153.4
CHEMBL3645792,CCc1ncnc(-c2ccc(C(=O)N3CCN(C4CCCC4)CC3)c(C)c2)c1C#Cc1ccc(N)nc1,153.6
CHEMBL3645839,C#CCN1CCN(C(=O)c2ccc(-c3ncnc(CC)c3C#Cc3ccc(N)nc3)cc2F)CC1,153.8
CHEMBL3643226,CCc1ncnc(-c2cc(F)c(C(=O)NCCN3CCOCC3)c(F)c2)c1C#Cc1ccc(N)nc1,154.1
CHEMBL3645837,CCc1ncnc(-c2ccc(C(=O)N3CCn4c(COC)nnc4C3)c(F)c2)c1C#Cc1ccc(N)nc1,154.2
CHEMBL3643207,CCc1ncnc(-c2ccc(C(=O)N3CCC(N4CCOCC4)C3)c(F)c2)c1C#Cc1ccc(N)nc1,156
CHEMBL3645840,CCc1ncnc(-c2ccc(C(=O)N3CCC(F)(F)CC3)c(F)c2)c1C#Cc1ccc(N)nc1,156.8
CHEMBL3643241,CCc1ncnc(-c2ccc(C(=O)N3CCCO3)c(OC)c2)c1C#Cc1ccc(N)nc1,156.9
CHEMBL3645895,CCc1ncnc(-c2ccc(C(=O)N3CCN4CCC[C@H]4C3)c(OC(F)(F)F)c2)c1C#Cc1ccc(N)nc1,157
CHEMBL3643133,CCc1ncnc(-c2ccc(C(=O)N3CCN(C)C(C)C3)c(F)c2)c1C#Cc1ccc(N)nc1,157
CHEMBL3643182,CCc1ncnc(-c2ccc(C(=O)NC3CC(N4CCCC4)C3)c(F)c2)c1C#Cc1ccc(N)nc1,158
CHEMBL3645808,CCc1ncnc(-c2ccc(C(=O)N3CCN(c4ccccn4)CC3)c(C)c2)c1C#Cc1ccc(N)nc1,158.3
CHEMBL3645804,CCc1ncnc(-c2ccc(C(=O)N3CCC(N4CCCC4)CC3)c(C)c2)c1C#Cc1ccc(N)nc1,158.3
CHEMBL3645965,CCc1ncnc(-c2cc(F)c(C(=O)N3CCN(C(C)CO)CC3)c(F)c2)c1C#Cc1ccc(N)nc1,159.65
CHEMBL3645776,CCc1ncnc(-c2ccc(C(=O)N3CCN(C4CCS(=O)(=O)C4)CC3)c(C)c2)c1C#Cc1ccc(N)nc1,160.2
CHEMBL3645813,CCc1ncnc(-c2ccc(C(=O)N3CCN(c4ccccc4)CC3)c(C)c2)c1C#Cc1ccc(N)nc1,160.2
CHEMBL3645802,CCc1ncnc(-c2ccc(C(=O)N3CC[C@@H](O)C3)c(C)c2)c1C#Cc1ccc(N)nc1,160.8
CHEMBL3643210,CCc1ncnc(-c2ccc(C(=O)N3CC[C@H](N(C)C)C3)c(F)c2)c1C#Cc1ccc(N)nc1,161
CHEMBL3645859,CCc1ncnc(-c2ccc(C(=O)N3CCN(C4CCOCC4)CC3)c(Cl)c2)c1C#Cc1ccc(NC)nc1,161.5
CHEMBL3641003,CCCCN1CCN(C(=O)c2ccc(-c3ncnc(CC)c3C#Cc3ccc(N)nc3)cc2Cl)CC1,162
CHEMBL3645891,CCc1ncnc(-c2cc(F)c(C(=O)N3CCN(C=O)CC3)c(F)c2)c1C#Cc1ccc(NC)nc1,163
CHEMBL3640987,CCc1ncnc(-c2ccc(C(=O)N3CCN(CC(F)F)CC3)c(F)c2)c1C#Cc1ccc(N)nc1C,163
CHEMBL3639447,CCc1ncnc(-c2cc(F)c(C(=O)NCCN3CCNCC3)c(F)c2)c1C#Cc1ccc(N)nc1,163.3
CHEMBL3643155,CCc1ncnc(-c2ccc(C(=O)N3CCNCC3)c(Cl)c2)c1C#Cc1ccc(N)nc1,163.5
CHEMBL3645846,C#CCN1CCN(C(=O)c2c(F)cc(-c3ncnc(CC)c3C#Cc3ccc(N)nc3)cc2F)CC1,163.9
CHEMBL3643155,CCc1ncnc(-c2ccc(C(=O)N3CCNCC3)c(Cl)c2)c1C#Cc1ccc(N)nc1,164
CHEMBL3645847,CCc1ncnc(-c2cc(F)c(C(=O)N3CCC(F)(F)CC3)c(F)c2)c1C#Cc1ccc(N)nc1,164.7
CHEMBL3643245,CCc1ncnc(-c2ccc(C(=O)N3CCN(C4CCS(=O)(=O)C4)CC3)c(OC)c2)c1C#Cc1ccc(N)nc1,165
CHEMBL3648886,CCc1ncnc(-c2ccc(C(=O)N3CCN(Cc4ncon4)CC3)c(F)c2)c1C#Cc1ccc(N)nc1,167.33
CHEMBL3645959,CCc1ncnc(-c2ccc(C(=O)N3CCN(Cc4nc(C)c(C)o4)CC3)c(F)c2)c1C#Cc1ccc(N)nc1,168.1
CHEMBL3645818,CCc1ncnc(-c2ccc(C(=O)N3CCN4CCCC[C@H]4C3)c(Cl)c2)c1C#Cc1ccc(N)nc1,169.2
CHEMBL3643087,CCc1ncnc(-c2ccc(C(=O)N3CCC(C(C)(C)O)CC3)c(F)c2)c1C#Cc1ccc(N)nc1,170
CHEMBL3645773,CCc1ncnc(-c2ccc(C(=O)N3CCCC(N(C)C)C3)c(C)c2)c1C#Cc1ccc(N)nc1,173.1
CHEMBL3645948,CCc1ncnc(-c2cc(F)c(C(=O)N3CCN(C4COC4)CC3)c(Cl)c2)c1C#Cc1ccc(N)nc1,173.4
CHEMBL3645901,CCc1ncnc(-c2ccc(C(=O)N3CCN(C)CC3)c(C(F)(F)F)c2)c1C#Cc1ccc(N)nc1,173.8
CHEMBL3645910,CCc1ncnc(-c2cc(F)c(C(=O)N3CCN4CCC[C@H]4C3)c(Cl)c2)c1C#Cc1ccc(N)nc1,174.6
CHEMBL3645862,CCc1ncnc(-c2ccc(C(=O)N3CCN(CC)CC3)c(Cl)c2)c1C#Cc1ccc(NC)nc1,175.4
CHEMBL3648889,CCc1ncnc(-c2ccc(C(=O)N3CCN(CC(C)(C)O)CC3)c(F)c2)c1C#Cc1ccc(N)nc1,175.45
CHEMBL3645880,CCc1ncnc(-c2cc(F)c(C(=O)N3CCN(C)C(=O)C3)c(F)c2)c1C#Cc1ccc(NC)nc1,175.6
CHEMBL3643153,CCc1ncnc(-c2ccc(C(=O)N3CCC(N(C)C)C3)c(Cl)c2)c1C#Cc1ccc(N)nc1,176.5
CHEMBL3643153,CCc1ncnc(-c2ccc(C(=O)N3CCC(N(C)C)C3)c(Cl)c2)c1C#Cc1ccc(N)nc1,177
CHEMBL3641015,CCc1ncnc(-c2ccc(C(=O)N3CCN(CC(F)F)CC3)c(Cl)c2)c1C#Cc1ccc(N)nc1,177
CHEMBL3640992,CCc1ncnc(-c2ccc(C(=O)N3CCN(C4CCS(=O)(=O)C4)CC3)c(F)c2)c1C#Cc1ccc(N)nc1C,178
CHEMBL3645907,CCc1ncnc(-c2cc(F)c(C(=O)N3CCN(CC)CC3)c(Cl)c2)c1C#Cc1ccc(N)nc1,178.2
CHEMBL3645838,CCc1ncnc(-c2ccc(C(=O)N3CCC4(CC3)COC4)c(F)c2)c1C#Cc1ccc(N)nc1,178.3
CHEMBL3645769,CCc1ncnc(-c2ccc(C(=O)N3CCC(N4CCOCC4)CC3)c(C)c2)c1C#Cc1ccc(N)nc1,178.6
CHEMBL3645950,CCc1ncnc(-c2ccc(C(=O)N3CCN(CCN)CC3)c(Cl)c2)c1C#Cc1ccc(N)nc1,180.8
CHEMBL3641007,CCc1ncnc(-c2ccc(C(=O)NCCOC)c(Cl)c2)c1C#Cc1ccc(N)nc1,181
CHEMBL3645865,CCc1ncnc(-c2ccc(C(=O)N3CCC(N4CCN(C)CC4)CC3)c(Cl)c2)c1C#Cc1ccc(NC)nc1,183.8
CHEMBL3643137,CCc1ncnc(-c2ccc(C(=O)N3CC(C)NC(C)C3)c(F)c2)c1C#Cc1ccc(N)nc1,184
CHEMBL3640968,CNC(=O)c1cc(-c2ncnc(C)c2C#Cc2ccc(N)nc2)ccc1F,184
CHEMBL3645903,CCc1ncnc(-c2ccc(C(=O)N3CCN(CC)CC3)c(C(F)(F)F)c2)c1C#Cc1ccc(N)nc1,184.7
CHEMBL3641019,CCc1ncnc(-c2ccc(C(=O)N3CCN(CC)CC3)c(Cl)c2)c1C#Cc1ccc(N)nc1,186
CHEMBL3645861,CCc1ncnc(-c2ccc(C(=O)N3CC[C@@H](N(C)C)C3)c(Cl)c2)c1C#Cc1ccc(NC)nc1,186.4
CHEMBL3645964,CCc1ncnc(-c2cc(F)c(C(=O)N3CCN(C(C)COC)CC3)c(F)c2)c1C#Cc1ccc(N)nc1,187
CHEMBL3643120,CCc1ncnc(-c2ccc(C(=O)N3CCN(CC4CCCN(C)C4)CC3)c(F)c2)c1C#Cc1ccc(N)nc1,188
CHEMBL3640969,CCc1ncnc(-c2cccc(C(=O)N(CC)CC)c2)c1C#Cc1ccc(N)nc1,188
CHEMBL3640939,CCc1ncnc(-c2ccc(F)c(C(=O)N(C)C)c2)c1C#Cc1ccc(N)nc1,189
CHEMBL3643220,CCc1ncnc(-c2cc(F)c(C(=O)N3CCN(CC4CC4)CC3)c(F)c2)c1C#Cc1ccc(N)nc1,189.1
CHEMBL3645777,CCc1ncnc(-c2ccc(C(=O)N3CC[C@H](N(C)C)C3)c(C)c2)c1C#Cc1ccc(N)nc1,190.5
CHEMBL3640991,CCc1ncnc(-c2ccc(C(=O)N3CCN(CC4CCCO4)CC3)c(F)c2)c1C#Cc1ccc(N)nc1C,192
CHEMBL3645973,CCc1ncnc(-c2cc(F)c(C(=O)N3CCN(Cc4nc(C)c(C)o4)CC3)c(Cl)c2)c1C#Cc1ccc(N)nc1,192.99
CHEMBL3640970,CCc1ncnc(-c2ccc(Cl)c(C(=O)N(C)C)c2)c1C#Cc1ccc(N)nc1,194
CHEMBL3645803,CCc1ncnc(-c2ccc(C(=O)N3CCC(N(C)C)C3)c(C)c2)c1C#Cc1ccc(N)nc1,194.7
CHEMBL3645898,CCc1ncnc(-c2ccc(C(=O)N3CCN(CC)CC3)c(OC(F)(F)F)c2)c1C#Cc1ccc(N)nc1,195.6
CHEMBL3643074,CCc1ncnc(-c2ccc(C(=O)N3CCN(C4CCN(C)CC4)CC3)c(F)c2)c1C#Cc1ccc(N)nc1,198
CHEMBL3643127,CCc1ncnc(-c2ccc(C(=O)N3CCN(C(C)C)CC3)c(F)c2)c1C#Cc1ccc(N)nc1,198
CHEMBL3645814,CCc1ncnc(-c2ccc(C(=O)N3CCN4CCC[C@@H]4C3)c(Cl)c2)c1C#Cc1ccc(N)nc1,198.5
CHEMBL3643106,CCc1ncnc(-c2ccc(C(=O)N3CCN(c4ccccc4)CC3)c(F)c2)c1C#Cc1ccc(N)nc1,199
CHEMBL3643222,CCc1ncnc(-c2cc(F)c(C(=O)N3CCC(N4CCOCC4)CC3)c(F)c2)c1C#Cc1ccc(N)nc1,199.4
CHEMBL3645774,CCc1ncnc(-c2ccc(C(=O)N3CCC(N4CCC(C)CC4)C3)c(C)c2)c1C#Cc1ccc(N)nc1,199.8
CHEMBL3645956,CCc1ncnc(-c2ccc(C(=O)N3CCN(Cc4cc(C)no4)CC3)c(F)c2)c1C#Cc1ccc(N)nc1,200.4
CHEMBL3645857,CCc1ncnc(-c2ccc(C(=O)N3CCC(C(C)(C)O)CC3)c(Cl)c2)c1C#Cc1ccc(NC)nc1,201.5
CHEMBL3643172,CCc1ncnc(-c2ccc(C(=O)NC3CC(N4CCN(C)CC4)C3)c(F)c2)c1C#Cc1ccc(N)nc1,203
CHEMBL3645934,CCNc1ccc(C#Cc2c(CC)ncnc2-c2ccc(C(=O)N3CCC4(CC3)COC4)c(F)c2)cn1,204.4
CHEMBL3643072,CCc1ncnc(-c2ccc(C(=O)N3CCC(N4CCN(C)CC4)CC3)c(F)c2)c1C#Cc1ccc(N)nc1,205
CHEMBL3648887,CCc1ncnc(-c2ccc(C(=O)N3CCN(C)C[C@H]3C)c(F)c2)c1C#Cc1ccc(N)nc1,205.14
CHEMBL3643242,CCc1ncnc(-c2ccc(C(=O)N3CCCC(N(C)C)C3)c(OC)c2)c1C#Cc1ccc(N)nc1,205.4
CHEMBL3645936,CCNc1ccc(C#Cc2c(CC)ncnc2-c2ccc(C(=O)N3CCN(C4CCC4)CC3)c(F)c2)cn1,205.6
CHEMBL3640985,CCc1ncnc(-c2ccc(C(=O)N3CCCCC3)c(F)c2)c1C#Cc1ccc(N)nc1C,206
CHEMBL3645963,CCc1ncnc(-c2cc(F)c(C(=O)N3CCN(Cc4cc(C)no4)CC3)c(F)c2)c1C#Cc1ccc(N)nc1,208.16
CHEMBL3643158,CCc1ncnc(-c2ccc(C(=O)N3CCN(c4ccncc4)CC3)c(Cl)c2)c1C#Cc1ccc(N)nc1,208.8
CHEMBL3643158,CCc1ncnc(-c2ccc(C(=O)N3CCN(c4ccncc4)CC3)c(Cl)c2)c1C#Cc1ccc(N)nc1,209
CHEMBL3645930,CCNc1ccc(C#Cc2c(CC)ncnc2-c2ccc(C(=O)N3CCC(N4CCOCC4)CC3)c(F)c2)cn1,209.2
CHEMBL3641024,CCc1ncnc(-c2ccc(C(=O)N3CCN(C(C)C)CC3)c(OC)c2)c1C#Cc1ccc(N)nc1,211
CHEMBL3645958,CCc1ncnc(-c2ccc(C(=O)N3CCN(C(C)CO)CC3)c(F)c2)c1C#Cc1ccc(N)nc1,212
CHEMBL3645826,CCc1ncnc(-c2cc(F)c(C(=O)N3CCN(CCNS(C)(=O)=O)CC3)c(F)c2)c1C#Cc1ccc(N)nc1,212.7
CHEMBL3645893,CCc1ncnc(-c2cc(F)c(C(=O)N3CCN(CCC#N)CC3)c(F)c2)c1C#Cc1ccc(NC)nc1,212.8
CHEMBL3643063,CCc1ncnc(-c2ccc(C(=O)N3CCN(CC)CC3)c(OC)c2)c1C#Cc1ccc(N)nc1,213
CHEMBL3643213,CCc1ncnc(-c2ccc(C(=O)N3CCN(C)CC3)nc2)c1C#Cc1ccc(N)nc1,214
CHEMBL3640990,CCc1ncnc(-c2ccc(C(=O)N3CCN(C4CCOCC4)CC3)c(F)c2)c1C#Cc1ccc(N)nc1C,215
CHEMBL3640983,CCc1ncnc(-c2ccc(C(=O)N3CCN(C)CC3)c(F)c2)c1C#Cc1ccc(N)nc1,215
CHEMBL3643068,CCc1ncnc(-c2ccc(C(=O)N3CCN(C)CC3)c(OC)c2)c1C#Cc1ccc(N)nc1,217
CHEMBL3643091,CCCCN1CCN(C(=O)c2ccc(-c3ncnc(CC)c3C#Cc3ccc(N)nc3)cc2F)CC1,219
CHEMBL3645957,CCc1ncnc(-c2ccc(C(=O)N3CCN(C(C)COC)CC3)c(F)c2)c1C#Cc1ccc(N)nc1,219.8
CHEMBL3640944,CCc1ncnc(-c2ccc(C(=O)N(C)C)c(F)c2)c1C#Cc1ccc(C)nc1,222
CHEMBL3645897,CCc1ncnc(-c2ccc(C(=O)N3CCN(C)CC3)c(OC(F)(F)F)c2)c1C#Cc1ccc(N)nc1,223.7
CHEMBL3640962,Cc1ncnc(-c2cccc(C(=O)N3CCOCC3)c2)c1C#Cc1ccc(N)nc1,224
CHEMBL3640980,CCc1ncnc(-c2ccc(C(=O)NC)c(F)c2)c1C#Cc1ccc(N)nc1,225
CHEMBL3640971,CCc1ncnc(-c2ccc(F)c(C(=O)N3CCOCC3)c2)c1C#Cc1ccc(N)nc1,226
CHEMBL3643208,CCc1ncnc(-c2ccc(C(=O)N3CCC(N4CCCC4)C3)c(F)c2)c1C#Cc1ccc(N)nc1,226
CHEMBL3643188,CCc1ncnc(-c2ccc(C(=O)N3CCC(N(C)C)C3)c(F)c2)c1C#Cc1ccc(N)nc1,227
CHEMBL3643141,CCc1ncnc(-c2ccc(C(=O)N3CCN(CC4CC4)CC3)c(Cl)c2)c1C#Cc1ccc(N)nc1,228
CHEMBL3643129,CCc1ncnc(-c2ccc(C(=O)N3CCC(O)(C(C)C)CC3)c(F)c2)c1C#Cc1ccc(N)nc1,228
CHEMBL3643141,CCc1ncnc(-c2ccc(C(=O)N3CCN(CC4CC4)CC3)c(Cl)c2)c1C#Cc1ccc(N)nc1,228.2
CHEMBL3643269,CCc1ncnc(-c2ccc(C(=O)N3CC[C@@H](N(C)C)C3)c(Cl)c2)c1C#Cc1ccc(N)nc1,232
CHEMBL3645780,CCc1ncnc(-c2ccc(C(=O)N3CCC(N4CCCCCC4)CC3)c(C)c2)c1C#Cc1ccc(N)nc1,232.1
CHEMBL3643235,CCc1ncnc(-c2ccc(C(=O)N3CCC(C(C)(C)O)CC3)c(OC)c2)c1C#Cc1ccc(N)nc1,232.2
CHEMBL3643267,CCc1ncnc(-c2ccc(C(=O)N3CCC(N4CCC(C)CC4)C3)c(Cl)c2)c1C#Cc1ccc(N)nc1,232.8
CHEMBL3643095,CCc1ncnc(-c2ccc(C(=O)N3CCN4CCCCC4C3)c(F)c2)c1C#Cc1ccc(N)nc1,233
CHEMBL3643073,CCc1ncnc(-c2ccc(C(=O)N3CCC(N4CCOCC4)CC3)c(F)c2)c1C#Cc1ccc(N)nc1,234
CHEMBL3645868,CCc1ncnc(-c2cc(Cl)c(C(=O)N3CC[C@@H](N(C)C)C3)c(Cl)c2)c1C#Cc1ccc(N)nc1,234.7
CHEMBL3640941,CCc1ncnc(-c2ccc(C(=O)NC)c(Cl)c2)c1C#Cc1ccc(C)nc1,236
CHEMBL3645806,CCc1ncnc(-c2ccc(C(=O)N(C)O)c(C)c2)c1C#Cc1ccc(N)nc1,237.1
CHEMBL3643215,CCc1ncnc(-c2cc(F)c(C(=O)N3CCN(C(C)C)CC3)c(F)c2)c1C#Cc1ccc(N)nc1,237.3
CHEMBL3648869,CCc1ncnc(-c2ccc(C(=O)N3C[C@H]4CN(C(=O)OC(C)(C)C)C[C@H]4C3)c(F)c2)c1C#Cc1ccc(N)nc1,237.84
CHEMBL3645975,CCc1ncnc(-c2cc(F)c(C(=O)N3CCN(CC(C)O)CC3)c(Cl)c2)c1C#Cc1ccc(N)nc1,239.33
CHEMBL3645939,CCc1ncnc(-c2ccc(C(=O)N3CCC4(CC3)CNC4)c(F)c2)c1C#Cc1ccc(N)nc1,242.1
CHEMBL3643076,CCc1ncnc(-c2ccc(C(=O)N3CCC(N4CCN(C5CCN(C)CC5)CC4)CC3)c(F)c2)c1C#Cc1ccc(N)nc1,244
CHEMBL3641016,CCc1ncnc(-c2ccc(C(=O)N3CCN(C(C)C)CC3)c(Cl)c2)c1C#Cc1ccc(N)nc1,246
CHEMBL3643253,CCOC(=O)N1CCN(C(=O)c2ccc(-c3ncnc(CC)c3C#Cc3ccc(N)nc3)cc2OC)CC1,246.1
CHEMBL3645854,CCc1ncnc(-c2ccc(C(=O)N3CC[C@H](N(C)C)C3)c(F)c2)c1C#Cc1ccc(NC)nc1,246.7
CHEMBL3645789,CCc1ncnc(-c2ccc(C(=O)N(C)CCN3CCCC3=O)c(C)c2)c1C#Cc1ccc(N)nc1,248.6
CHEMBL3643113,CCc1ncnc(-c2ccc(C(=O)N3CCN(CC4CC4)CC3)c(F)c2)c1C#Cc1ccc(N)nc1,249
CHEMBL3641022,CCc1ncnc(-c2ccc(C(=O)N3CCN(C(C)(C)C)CC3)c(OC)c2)c1C#Cc1ccc(N)nc1,251
CHEMBL3645940,CCc1ncnc(-c2ccc(C(=O)N3CC4(CNC4)C3)c(F)c2)c1C#Cc1ccc(N)nc1,251.8
CHEMBL3643249,CCc1ncnc(-c2ccc(C(=O)N3CCC(N4CCCCCC4)CC3)c(OC)c2)c1C#Cc1ccc(N)nc1,253.2
CHEMBL3640933,Cc1ncnc(-c2ccc(F)c(C(=O)N(C)C)c2)c1C#Cc1ccc(N)nc1,254
CHEMBL3645786,CCc1ncnc(-c2ccc(C(=O)N3CCN(C(C)=O)CC3)c(C)c2)c1C#Cc1ccc(N)nc1,259
CHEMBL3645815,CCc1ncnc(-c2ccc(C(=O)N3CCN4CCC[C@@H]4C3)c(F)c2)c1C#Cc1ccc(N)nc1,259.8
CHEMBL3645906,CCc1ncnc(-c2cc(F)c(C(=O)N3CCN(C(C)C)CC3)c(Cl)c2)c1C#Cc1ccc(N)nc1,263.2
CHEMBL3643101,CCc1ncnc(-c2ccc(C(=O)N3CCN(c4ccncc4)CC3)c(F)c2)c1C#Cc1ccc(N)nc1,266
CHEMBL3645899,CCc1ncnc(-c2ccc(C(=O)N3CCC(C(C)(C)O)CC3)c(OC(F)(F)F)c2)c1C#Cc1ccc(N)nc1,267.2
CHEMBL3645845,CCc1ncnc(-c2cc(F)c(C(=O)N(C)CCN(C)C)c(F)c2)c1C#Cc1ccc(N)nc1,268.3
CHEMBL3643130,CCc1ncnc(-c2ccc(C(=O)N3CCC(O)(CC)CC3)c(F)c2)c1C#Cc1ccc(N)nc1,269
CHEMBL3643209,CCc1ncnc(-c2ccc(C(=O)N3CC[C@@H](N(C)C)C3)c(F)c2)c1C#Cc1ccc(N)nc1,269
CHEMBL3640996,CCc1ncnc(-c2ccc(C(=O)N3CCN(C)CC3)c(F)c2)c1C#Cc1ccc(N)nc1C,270
CHEMBL3643186,CCc1ncnc(-c2ccc(C(=O)NC3CC(C)(C)NC(C)(C)C3)c(F)c2)c1C#Cc1ccc(N)nc1,272
CHEMBL3643266,CCc1ncnc(-c2ccc(C(=O)N3CCCC(N(C)C)C3)c(Cl)c2)c1C#Cc1ccc(N)nc1,274.8
CHEMBL3645853,CCc1ncnc(-c2ccc(C(=O)N3CC[C@@H](N(C)C)C3)c(F)c2)c1C#Cc1ccc(NC)nc1,275.3
CHEMBL3643216,CCc1ncnc(-c2cc(F)c(C(=O)N3CCN(CC)CC3)c(F)c2)c1C#Cc1ccc(N)nc1,275.8
CHEMBL3645851,CCc1ncnc(-c2ccc(C(=O)N3CCC(N4CCOCC4)CC3)c(F)c2)c1C#Cc1ccc(NC)nc1,275.9
CHEMBL3645902,CCc1ncnc(-c2ccc(C(=O)N3CCN(C(C)C)CC3)c(C(F)(F)F)c2)c1C#Cc1ccc(N)nc1,278.9
CHEMBL3643248,CCc1ncnc(-c2ccc(C(=O)N3CCN4CCCCC4C3)c(OC)c2)c1C#Cc1ccc(N)nc1,279.5
CHEMBL3643171,CCc1ncnc(-c2ccc(C(=O)NC3CCCN(C)C3)c(F)c2)c1C#Cc1ccc(N)nc1,280
CHEMBL3645796,CCc1ncnc(-c2ccc(C(=O)N3CCC(OC)CC3)c(C)c2)c1C#Cc1ccc(N)nc1,281.1
CHEMBL3648881,CCc1ncnc(-c2cc(F)c(C(=O)N3CCN(C)C[C@@H]3C)c(Cl)c2)c1C#Cc1ccc(N)nc1,281.99
CHEMBL3645916,CCc1ncnc(-c2ccc(C(=O)N3CCN(C4CCC4)CC3)c(F)c2)c1C#Cc1ccc(N)nc1,288.2
CHEMBL3645953,CCc1ncnc(-c2ccc(C(=O)N3CC4(CN(C)C4)C3)c(F)c2)c1C#Cc1ccc(N)nc1,288.4
CHEMBL3645779,CCc1ncnc(-c2ccc(C(=O)N3CCN4CCCCC4C3)c(C)c2)c1C#Cc1ccc(N)nc1,289.2
CHEMBL3890827,CCc1ncnc(-c2ccc(C(=O)NCC(O)CN(C)C)c(F)c2)c1C#Cc1ccc(N)nc1,292
CHEMBL3645892,CCc1ncnc(-c2cc(F)c(C(=O)N3CCC(CO)CC3)c(F)c2)c1C#Cc1ccc(NC)nc1,292.6
CHEMBL3643250,CCc1ncnc(-c2ccc(C(=O)N3CCC(N(C)C)CC3)c(OC)c2)c1C#Cc1ccc(N)nc1,294.4
CHEMBL3645955,CCc1ncnc(-c2cc(F)c(C(=O)N3CC4(CN(C)C4)C3)c(Cl)c2)c1C#Cc1ccc(N)nc1,297.9
CHEMBL3643085,CCc1ncnc(-c2ccc(C(=O)NCC3CCN(C)CC3)c(F)c2)c1C#Cc1ccc(N)nc1,303
CHEMBL3643086,CCc1ncnc(-c2ccc(C(=O)N3CCC(N4CCN(CC)CC4)CC3)c(F)c2)c1C#Cc1ccc(N)nc1,305
CHEMBL3643279,CCc1ncnc(-c2ccc(C(=O)N3CCC(N4CCN(C)CC4)CC3)c(C)c2)c1C#Cc1ccc(N)nc1,307
CHEMBL3643181,CCc1ncnc(-c2ccc(C(=O)NC3CC(N4CCC(N5CCCC5)CC4)C3)c(F)c2)c1C#Cc1ccc(N)nc1,308
CHEMBL3640961,CCN(CC)C(=O)c1cccc(-c2ncnc(C)c2C#Cc2ccc(N)nc2)c1,308
CHEMBL3645855,CCc1ncnc(-c2ccc(C(=O)N3CCN(C)CC3)c(F)c2)c1C#Cc1ccc(NC)nc1,308.1
CHEMBL3640967,Cc1ncnc(-c2ccc(Cl)c(C(=O)N3CCCCC3)c2)c1C#Cc1ccc(N)nc1,309
CHEMBL3640988,CCc1ncnc(-c2ccc(C(=O)N3CCN(C4CC4)CC3)c(F)c2)c1C#Cc1ccc(N)nc1C,312
CHEMBL3643115,CCc1ncnc(-c2ccc(C(=O)N3CCC(N4CCC(C)CC4)C3)c(F)c2)c1C#Cc1ccc(N)nc1,313
CHEMBL3643118,CCc1ncnc(-c2ccc(C(=O)N3CCC(N4CCCC4)CC3)c(F)c2)c1C#Cc1ccc(N)nc1,323
CHEMBL3643081,CCc1ncnc(-c2ccc(C(=O)N(C)CC3CCCN(C)C3)c(F)c2)c1C#Cc1ccc(N)nc1,324
CHEMBL3643128,CCc1ncnc(-c2ccc(C(=O)N3CCC(O)(C(F)(F)F)CC3)c(F)c2)c1C#Cc1ccc(N)nc1,324
CHEMBL3645858,CCc1ncnc(-c2ccc(C(=O)N3CCC(N4CCOCC4)CC3)c(Cl)c2)c1C#Cc1ccc(NC)nc1,325.3
CHEMBL3645889,CCc1ncnc(-c2cc(F)c(C(=O)N3CCN(CC(F)F)CC3)c(F)c2)c1C#Cc1ccc(NC)nc1,326.6
CHEMBL3645941,CCc1ncnc(-c2ccc(C(=O)N3CC4(CNC4)C3)c(Cl)c2)c1C#Cc1ccc(N)nc1,328.4
CHEMBL3648879,CCc1ncnc(-c2ccc(C(=O)N3CCC4(CC3)CN(C)C4)c(F)c2)c1C#Cc1ccc(N)nc1,330.81
CHEMBL3643139,CCc1ncnc(-c2ccc(C(=O)N3[C@@H]4C[C@H]3N4C)c(F)c2)c1C#Cc1ccc(N)nc1,333
CHEMBL3643228,CCc1ncnc(-c2ccc(C(=O)N3C[C@H]4C[C@@H]3CN4C)c(F)c2)c1C#Cc1ccc(N)nc1,333.2
CHEMBL3645864,CCc1ncnc(-c2ccc(C(=O)N3CCN(C)CC3)c(Cl)c2)c1C#Cc1ccc(NC)nc1,333.7
CHEMBL3645850,CCc1ncnc(-c2ccc(C(=O)N3CCC(C(C)(C)O)CC3)c(F)c2)c1C#Cc1ccc(NC)nc1,335
CHEMBL3643178,CCc1ncnc(-c2ccc(C(=O)NC3CCCN(C4CCN(C)CC4)C3)c(F)c2)c1C#Cc1ccc(N)nc1,335
CHEMBL3643083,CCc1ncnc(-c2ccc(C(=O)NCC3CCN(C)C3)c(F)c2)c1C#Cc1ccc(N)nc1,335
CHEMBL3645849,CCc1ncnc(-c2cc(F)c(C(=O)N(C)C3CCN(C)CC3)c(F)c2)c1C#Cc1ccc(N)nc1,337.4
CHEMBL3643084,CCc1ncnc(-c2ccc(C(=O)N(C)CC3CCN(C)CC3)c(F)c2)c1C#Cc1ccc(N)nc1,339
CHEMBL3643254,CCc1ncnc(-c2ccc(C(=O)N3CCC(N4CCCCC4)CC3)c(OC)c2)c1C#Cc1ccc(N)nc1,342.9
CHEMBL3645954,CCc1ncnc(-c2cc(F)c(C(=O)N3CC4(CN(C)C4)C3)c(F)c2)c1C#Cc1ccc(N)nc1,342.9
CHEMBL3643132,CCc1ncnc(-c2ccc(C(=O)N3CCN(C)C(C)(C)C3)c(F)c2)c1C#Cc1ccc(N)nc1,344
CHEMBL3643108,CCc1ncnc(-c2ccc(C(=O)N3CCC(N(C)C)CC3)c(F)c2)c1C#Cc1ccc(N)nc1,347
CHEMBL3643173,CCc1ncnc(-c2ccc(C(=O)NC3CCN(C)C3)c(F)c2)c1C#Cc1ccc(N)nc1,347
CHEMBL3645797,CCc1ncnc(-c2ccc(C(=O)N3CCC(C4CCN(C)CC4)CC3)c(C)c2)c1C#Cc1ccc(N)nc1,349.3
CHEMBL3643179,CCc1ncnc(-c2ccc(C(=O)NC3CC(N4CCN(O)CC4)C3)c(F)c2)c1C#Cc1ccc(N)nc1,351
CHEMBL3643227,CCc1ncnc(-c2cc(F)c(C(=O)N3CCNCC3)c(F)c2)c1C#Cc1ccc(N)nc1,352.7
CHEMBL3645860,CCc1ncnc(-c2ccc(C(=O)N3CCN(CC(F)F)CC3)c(Cl)c2)c1C#Cc1ccc(NC)nc1,355.6
CHEMBL3645900,CCc1ncnc(-c2ccc(C(=O)N3CCC(N4CCOCC4)CC3)c(OC(F)(F)F)c2)c1C#Cc1ccc(N)nc1,356.5
CHEMBL3643247,CCc1ncnc(-c2ccc(C(=O)N3CC[C@@H](N(C)C)C3)c(OC)c2)c1C#Cc1ccc(N)nc1,357
CHEMBL3645852,CCc1ncnc(-c2ccc(C(=O)N3CCN(C4CCOCC4)CC3)c(F)c2)c1C#Cc1ccc(NC)nc1,357.4
CHEMBL3645844,CCc1ncnc(-c2cc(F)c(C(=O)N3CCn4c(COC)nnc4C3)c(F)c2)c1C#Cc1ccc(N)nc1,358.1
CHEMBL3645819,CCc1ncnc(-c2ccc(C(=O)N3CCN4CCCC[C@H]4C3)c(F)c2)c1C#Cc1ccc(N)nc1,358.3
CHEMBL3643117,CCc1ncnc(-c2ccc(C(=O)N3CCC(N4CCCCCC4)CC3)c(F)c2)c1C#Cc1ccc(N)nc1,359
CHEMBL3645985,CCc1ncnc(-c2ccc(C(=O)N3CCC4(CC3)CC(NC(=O)OC(C)(C)C)C4)c(F)c2)c1C#Cc1ccc(N)nc1,359.57
CHEMBL3645890,CCc1ncnc(-c2cc(F)c(C(=O)N3CCC(C)(O)CC3)c(F)c2)c1C#Cc1ccc(NC)nc1,361.8
CHEMBL3648880,CCc1ncnc(-c2cc(F)c(C(=O)N3CCN(C)C[C@H]3C)c(F)c2)c1C#Cc1ccc(N)nc1,364.04
CHEMBL3641012,CCc1ncnc(-c2ccc(C(=O)N3CCN(C4CCCC4)CC3)c(Cl)c2)c1C#Cc1ccc(N)nc1,366
CHEMBL3645775,CCc1ncnc(-c2ccc(C(=O)N3CCC4(CCN(C)CC4)CC3)c(C)c2)c1C#Cc1ccc(N)nc1,366.8
CHEMBL3648866,CCc1ncnc(-c2ccc(C(=O)N3CCOC4(CCNCC4)C3)c(F)c2)c1C#Cc1ccc(N)nc1,367.08
CHEMBL3643183,CCc1ncnc(-c2ccc(C(=O)NC3CCN(C4CCN(C)CC4)C3)c(F)c2)c1C#Cc1ccc(N)nc1,370
CHEMBL3641001,CCc1ncnc(-c2ccc(C(=O)N3CCN(CCN(C)C)CC3)c(Cl)c2)c1C#Cc1ccc(N)nc1C,370
CHEMBL3645841,CCc1ncnc(-c2ccc(C(=O)NCCN3CCNCC3)c(F)c2)c1C#Cc1ccc(N)nc1,373.2
CHEMBL3643143,CCc1ncnc(-c2ccc(C(=O)N3CCC(C4CCN(C)CC4)CC3)c(Cl)c2)c1C#Cc1ccc(N)nc1,374
CHEMBL3643143,CCc1ncnc(-c2ccc(C(=O)N3CCC(C4CCN(C)CC4)CC3)c(Cl)c2)c1C#Cc1ccc(N)nc1,374.3
CHEMBL3640964,Cc1ncnc(-c2ccc(F)c(C(=O)N3CCOCC3)c2)c1C#Cc1ccc(N)nc1,380
CHEMBL3643211,CCc1ncnc(-c2ccc(C(=O)N3CCC(N(CC)CC)C3)c(F)c2)c1C#Cc1ccc(N)nc1,382
CHEMBL3643135,CCc1ncnc(-c2ccc(C(=O)N3CCN(C(CC)CC)CC3)c(F)c2)c1C#Cc1ccc(N)nc1,384
CHEMBL3645882,CCc1ncnc(-c2cc(F)c(C(=O)N3CCN(C)CC3)c(F)c2)c1C#Cc1ccc(NC)nc1,388.1
CHEMBL3645988,CCc1ncnc(-c2ccc(C(=O)N3CCC4(CC3)CNCCO4)c(F)c2)c1C#Cc1ccc(N)nc1,390.88
CHEMBL3643134,CCc1ncnc(-c2ccc(C(=O)N3CCN(C(C)CC)CC3)c(F)c2)c1C#Cc1ccc(N)nc1,392
CHEMBL3645856,CCc1ncnc(-c2ccc(C(=O)N3CCC(N4CCN(C)CC4)CC3)c(F)c2)c1C#Cc1ccc(NC)nc1,399.4
CHEMBL3640934,Cc1ncnc(-c2cccc(C(=O)N(C)C)c2)c1C#Cc1ccc(N)nc1,401
CHEMBL3645896,CCc1ncnc(-c2ccc(C(=O)N3CC[C@@H](N(C)C)C3)c(OC(F)(F)F)c2)c1C#Cc1ccc(N)nc1,401.8
CHEMBL3640977,CCc1ncnc(-c2ccc(C(=O)N(C)CCN(C)C)c(F)c2)c1C#Cc1ccc(N)nc1,402
CHEMBL3643123,CCc1ncnc(-c2ccc(C(=O)N3CCCN(C)CC3)c(F)c2)c1C#Cc1ccc(N)nc1,404
CHEMBL3643157,CCc1ncnc(-c2ccc(C(=O)N3CCCN(C)CC3)c(Cl)c2)c1C#Cc1ccc(N)nc1,405
CHEMBL3643157,CCc1ncnc(-c2ccc(C(=O)N3CCCN(C)CC3)c(Cl)c2)c1C#Cc1ccc(N)nc1,405.2
CHEMBL3643259,CCc1ncnc(-c2ccc(C(=O)N3CCN(C4CCCC4)CC3)c(OC)c2)c1C#Cc1ccc(N)nc1,411.5
CHEMBL3645987,CCc1ncnc(-c2ccc(C(=O)N3CCC4(CC3)CN(C(=O)OC(C)(C)C)CCO4)c(F)c2)c1C#Cc1ccc(N)nc1,412.25
CHEMBL3643175,CCc1ncnc(-c2ccc(C(=O)NC3CC(C)(C)N(C)C(C)(C)C3)c(F)c2)c1C#Cc1ccc(N)nc1,413
CHEMBL3645790,CCc1ncnc(-c2ccc(C(=O)N3CCC4(CCN(C)C4)C3)c(C)c2)c1C#Cc1ccc(N)nc1,413.5
CHEMBL3643260,CCc1ncnc(-c2ccc(C(=O)N3CCN(Cc4ccccc4)CC3)c(OC)c2)c1C#Cc1ccc(N)nc1,415.3
CHEMBL3643151,CCc1ncnc(-c2ccc(C(=O)N3CCC(N4CCCCCC4)CC3)c(Cl)c2)c1C#Cc1ccc(N)nc1,420
CHEMBL3643151,CCc1ncnc(-c2ccc(C(=O)N3CCC(N4CCCCCC4)CC3)c(Cl)c2)c1C#Cc1ccc(N)nc1,420.1
CHEMBL3645938,CCNc1ccc(C#Cc2c(CC)ncnc2-c2ccc(C(=O)N3CC4(CN(C(=O)OC(C)(C)C)C4)C3)c(F)c2)cn1,420.9
CHEMBL3645887,CCc1ncnc(-c2cc(F)c(C(=O)N3CCC(N4CCOCC4)CC3)c(F)c2)c1C#Cc1ccc(NC)nc1,423.3
CHEMBL3643152,CCc1ncnc(-c2ccc(C(=O)N3CCC(N(C)C)CC3)c(Cl)c2)c1C#Cc1ccc(N)nc1,432.9
CHEMBL3643152,CCc1ncnc(-c2ccc(C(=O)N3CCC(N(C)C)CC3)c(Cl)c2)c1C#Cc1ccc(N)nc1,433
CHEMBL3643075,CCc1ncnc(-c2ccc(C(=O)NC3CCN(C)CC3)c(F)c2)c1C#Cc1ccc(N)nc1,436
CHEMBL3641017,CCc1ncnc(-c2ccc(C(=O)N3CCN(C(C)(C)C)CC3)c(Cl)c2)c1C#Cc1ccc(N)nc1,436
CHEMBL3643180,CCc1ncnc(-c2ccc(C(=O)NC3CC(N4CCCCC4)C3)c(F)c2)c1C#Cc1ccc(N)nc1,436
CHEMBL3645945,CCc1ncnc(-c2ccc(C(=O)N3CCC(CN(C)C)CC3)c(Cl)c2)c1C#Cc1ccc(N)nc1,444.9
CHEMBL3645949,CCc1ncnc(-c2cc(F)c(C(=O)N3CCC(CN(C)C)CC3)c(Cl)c2)c1C#Cc1ccc(N)nc1,446.5
CHEMBL3643107,CCc1ncnc(-c2ccc(C(=O)N3CCN(CCN(C)C)CC3)c(F)c2)c1C#Cc1ccc(N)nc1,452
CHEMBL3640965,Cc1ncnc(-c2ccc(Cl)c(C(=O)N3CCOCC3)c2)c1C#Cc1ccc(N)nc1,459
CHEMBL3643244,CCc1ncnc(-c2ccc(C(=O)N3CCC4(CCN(C)CC4)CC3)c(OC)c2)c1C#Cc1ccc(N)nc1,460.3
CHEMBL3645885,CCc1ncnc(-c2cc(F)c(C(=O)N3CCC(C(C)O)CC3)c(F)c2)c1C#Cc1ccc(NC)nc1,465.1
CHEMBL3639421,CCc1ncnc(-c2ccc(C(=O)N3CCC(N4CCCCC4)CC3)c(Cl)c2)c1C#Cc1ccc(N)nc1,465.5
CHEMBL3645888,CCc1ncnc(-c2cc(F)c(C(=O)N3CCN(C4CCOCC4)CC3)c(F)c2)c1C#Cc1ccc(NC)nc1,465.9
CHEMBL3643154,CCc1ncnc(-c2ccc(C(=O)N3CCC(N4CCCC4)CC3)c(Cl)c2)c1C#Cc1ccc(N)nc1,467
CHEMBL3643154,CCc1ncnc(-c2ccc(C(=O)N3CCC(N4CCCC4)CC3)c(Cl)c2)c1C#Cc1ccc(N)nc1,467.3
CHEMBL3643110,CCc1ncnc(-c2ccc(C(=O)N3CCC(O)(CN(C)C)CC3)c(F)c2)c1C#Cc1ccc(N)nc1,470
CHEMBL3645883,CCc1ncnc(-c2cc(F)c(C(=O)N3CCN(CC)CC3)c(F)c2)c1C#Cc1ccc(NC)nc1,472.3
CHEMBL3645943,CCc1ncnc(-c2ccc(C(=O)N3CCC(CN(C)C)CC3)c(F)c2)c1C#Cc1ccc(N)nc1,475.3
CHEMBL3643105,CCc1ncnc(-c2ccc(C(=O)N3CCN(Cc4ccccc4)CC3)c(F)c2)c1C#Cc1ccc(N)nc1,476
CHEMBL3640993,CCc1ncnc(-c2ccc(C(=O)N3CCN4CCCCC4C3)c(F)c2)c1C#Cc1ccc(N)nc1C,481
CHEMBL3643079,CCc1ncnc(-c2ccc(C(=O)N3CCC(N4CCCCC4)CC3)c(F)c2)c1C#Cc1ccc(N)nc1,490
CHEMBL3645848,CCc1ncnc(-c2cc(F)c(C(=O)NCC3CCNCC3)c(F)c2)c1C#Cc1ccc(N)nc1,490.6
CHEMBL3643231,CCc1ncnc(-c2ccc(C(=O)N3CCC4(CCN(C)CC4)CC3)c(Cl)c2)c1C#Cc1ccc(N)nc1,497.6
CHEMBL3640999,CCc1ncnc(-c2ccc(C(=O)N3CCN(c4ccccc4)CC3)c(F)c2)c1C#Cc1ccc(N)nc1C,498
CHEMBL3641014,CCc1ncnc(-c2ccc(C(=O)N3CCN(C(F)(F)F)CC3)c(Cl)c2)c1C#Cc1ccc(N)nc1,499
CHEMBL3643234,CCCCN1CCN(C(=O)c2ccc(-c3ncnc(CC)c3C#Cc3ccc(N)nc3)cc2OC)CC1,501.7
CHEMBL3643144,CCc1ncnc(-c2ccc(C(=O)NC3CCCN(C)C3)c(Cl)c2)c1C#Cc1ccc(N)nc1,509.7
CHEMBL3643144,CCc1ncnc(-c2ccc(C(=O)NC3CCCN(C)C3)c(Cl)c2)c1C#Cc1ccc(N)nc1,510
CHEMBL3643233,CCc1ncnc(-c2ccc(C(=O)N3CCC4(CCN(C)C4)C3)c(Cl)c2)c1C#Cc1ccc(N)nc1,513.8
CHEMBL3645952,CCc1ncnc(-c2cc(F)c(C(=O)N3CCN(CCN)CC3)c(Cl)c2)c1C#Cc1ccc(N)nc1,526.7
CHEMBL3645894,CCc1ncnc(-c2ccc(C(=O)N3CCN(C(C)C)CC3)c(OC(F)(F)F)c2)c1C#Cc1ccc(N)nc1,530.1
CHEMBL3640966,Cc1ncnc(-c2ccc(F)c(C(=O)N3CCCCC3)c2)c1C#Cc1ccc(N)nc1,539
CHEMBL3645835,CCc1ncnc(-c2cc(F)c(C(=O)N3CCC4(CC3)CNC4)c(F)c2)c1C#Cc1ccc(N)nc1,539.9
CHEMBL3640972,CCc1ncnc(-c2ccc(Cl)c(C(=O)N(CC)CC)c2)c1C#Cc1ccc(N)nc1,541
CHEMBL3645881,CCc1ncnc(-c2cc(F)c(C(=O)N3CC[C@@H](N(C)C)C3)c(F)c2)c1C#Cc1ccc(NC)nc1,545.6
CHEMBL3643070,CCc1ncnc(-c2ccc(C(=O)N3CCN(CCN(C)C)CC3)c(OC)c2)c1C#Cc1ccc(N)nc1,546
CHEMBL3641000,CCc1ncnc(-c2ccc(C(=O)N3CCN(CCN(C)C)CC3)c(F)c2)c1C#Cc1ccc(N)nc1C,552
CHEMBL3645937,CCNc1ccc(C#Cc2c(CC)ncnc2-c2ccc(C(=O)N3CCC4(CC3)CN(C(=O)OC(C)(C)C)C4)c(F)c2)cn1,560.2
CHEMBL3643174,CCc1ncnc(-c2ccc(C(=O)NC[C@H]3CCCN3CC)c(F)c2)c1C#Cc1ccc(N)nc1,566
CHEMBL3640978,CCc1ncnc(-c2ccc(C(=O)N(C)C3CCN(C)CC3)c(F)c2)c1C#Cc1ccc(N)nc1,574
CHEMBL3643243,CCc1ncnc(-c2ccc(C(=O)N3CCC(N4CCC(C)CC4)C3)c(OC)c2)c1C#Cc1ccc(N)nc1,578.1
CHEMBL3645879,CCc1ncnc(-c2cc(F)c(C(=O)N3CCN4CCC[C@H]4C3)c(F)c2)c1C#Cc1ccc(NC)nc1,581.2
CHEMBL3648868,CCc1ncnc(-c2ccc(C(=O)N3CCC4(CCNCC4)C3)c(F)c2)c1C#Cc1ccc(N)nc1,585.88
CHEMBL3640984,CCc1ncnc(-c2ccc(C(=O)N(C)CCCN(C)C)c(F)c2)c1C#Cc1ccc(N)nc1,591
CHEMBL3640973,CCc1ncnc(-c2ccc(Cl)c(C(=O)N3CCCCC3)c2)c1C#Cc1ccc(N)nc1,596
CHEMBL3648873,CCc1ncnc(-c2cc(Cl)c(C(=O)N3CC4(CN(C)C4)C3)c(Cl)c2)c1C#Cc1ccc(N)nc1,599.13
CHEMBL3645886,CCc1ncnc(-c2cc(F)c(C(=O)N3CCC(C(C)(C)O)CC3)c(F)c2)c1C#Cc1ccc(NC)nc1,599.9
CHEMBL3648870,CCc1ncnc(-c2ccc(C(=O)N3C[C@H]4CNC[C@H]4C3)c(F)c2)c1C#Cc1ccc(N)nc1,600.97
CHEMBL3643082,CCc1ncnc(-c2ccc(C(=O)NCC3CCCN(C)C3)c(F)c2)c1C#Cc1ccc(N)nc1,630
CHEMBL3648878,CCc1ncnc(-c2ccc(C(=O)N3CCC4(CC3)CN(C)C4)c(Cl)c2)c1C#Cc1ccc(N)nc1,634.33
CHEMBL3645884,CCc1ncnc(-c2cc(F)c(C(=O)N3CCN(CC(C)(C)O)CC3)c(F)c2)c1C#Cc1ccc(NC)nc1,645
CHEMBL3645951,CCc1ncnc(-c2cc(F)c(C(=O)N3CCC(CN)CC3)c(Cl)c2)c1C#Cc1ccc(N)nc1,646.9
CHEMBL3640989,CCc1ncnc(-c2ccc(C(=O)N3CCC(C(F)(F)F)CC3)c(F)c2)c1C#Cc1ccc(N)nc1C,647
CHEMBL3648872,CCc1ncnc(-c2ccc(C(=O)N3C[C@@H]4CCN[C@@H]4C3)c(F)c2)c1C#Cc1ccc(N)nc1,655.45
CHEMBL3643162,CCc1ncnc(-c2ccc(C(=O)N3CCN(Cc4ccccc4)CC3)c(Cl)c2)c1C#Cc1ccc(N)nc1,658
CHEMBL3643162,CCc1ncnc(-c2ccc(C(=O)N3CCN(Cc4ccccc4)CC3)c(Cl)c2)c1C#Cc1ccc(N)nc1,658
CHEMBL3643257,CCc1ncnc(-c2ccc(C(=O)N3CCC4(CCN(C)C4)C3)c(OC)c2)c1C#Cc1ccc(N)nc1,661.6
CHEMBL3645947,CCc1ncnc(-c2ccc(C(=O)N3CCC(CN(C)C)CC3)c(F)c2)c1C#Cc1ccc(N)nc1C,679
CHEMBL3648876,CCc1ncnc(-c2cc(F)c(C(=O)N3CCC4(CC3)CN(C)C4)c(F)c2)c1C#Cc1ccc(N)nc1,773.45
CHEMBL3645966,CCc1ncnc(-c2cc(F)c(C(=O)N3CCN(Cc4nc(C)c(C)o4)CC3)c(F)c2)c1C#Cc1ccc(N)nc1,783.3
CHEMBL3645989,CCc1ncnc(-c2ccc(C(=O)N3CCC4(CN(C(=O)OC(C)(C)C)C4)C3)c(F)c2)c1C#Cc1ccc(N)nc1,841.74
CHEMBL3648877,CCc1ncnc(-c2cc(F)c(C(=O)N3CCC4(CC3)CN(C)C4)c(Cl)c2)c1C#Cc1ccc(N)nc1,862.37
CHEMBL3645834,CCc1ncnc(-c2cc(F)c(C(=O)N3CCN(C4CCC4)CC3)c(Cl)c2)c1C#Cc1ccc(N)nc1,924.7
CHEMBL3648864,CCc1ncnc(-c2ccc(C(=O)N3CCC4(CNC4)C3)c(F)c2)c1C#Cc1ccc(N)nc1,935.07
CHEMBL3648874,CCc1ncnc(-c2ccc(C(=O)N3CC4(CN(C)C4)C3)c(Cl)c2)c1C#Cc1ccc(N)nc1,966
CHEMBL3640998,CCc1ncnc(-c2ccc(C(=O)N3CCN(Cc4ccccc4)CC3)c(F)c2)c1C#Cc1ccc(N)nc1C,1017
CHEMBL3648865,CCc1ncnc(-c2ccc(C(=O)N3CCOC4(CCN(C(=O)OC(C)(C)C)CC4)C3)c(F)c2)c1C#Cc1ccc(N)nc1,1175.43
CHEMBL3639398,CCc1ncnc(-c2ccc(C(=O)N3CCN(CC4CCCCC4)CC3)c(F)c2)c1C#Cc1ccc(N)nc1C,1269
CHEMBL3645986,CCc1ncnc(-c2ccc(C(=O)N3CCC4(CC3)CC(N)C4)c(F)c2)c1C#Cc1ccc(N)nc1,1301.49
CHEMBL3643221,CCc1ncnc(-c2cc(F)c(C(=O)N3CCN(C(C)(C)C)CC3)c(F)c2)c1C#Cc1ccc(N)nc1,1325
CHEMBL3648867,CCc1ncnc(-c2ccc(C(=O)N3CCC4(CCN(C(=O)OC(C)(C)C)CC4)C3)c(F)c2)c1C#Cc1ccc(N)nc1,1356.31
CHEMBL3643102,CCc1ncnc(-c2ccc(C(=O)N3CCN(CC4CCCCC4)CC3)c(F)c2)c1C#Cc1ccc(N)nc1,1825
CHEMBL3648875,CCc1ncnc(-c2cc(Cl)c(C(=O)N3CCC4(CC3)CN(C)C4)c(Cl)c2)c1C#Cc1ccc(N)nc1,2212.26
CHEMBL3643258,CCc1ncnc(-c2ccc(C(=O)N3CCN(CC4CCCCC4)CC3)c(OC)c2)c1C#Cc1ccc(N)nc1,3052
CHEMBL3670216,Cc1ncnc(N2CCN(CC(C)(C)O)CC2)c1C#Cc1ccc(N)nc1,53
CHEMBL3670217,Cc1ncnc(N2CCC3(CCN(C)CC3)CC2)c1C#Cc1ccc(N)nc1,99
CHEMBL3670230,Cc1ncnc(N2CCC(CC(=O)N3CCOCC3)CC2)c1C#Cc1ccc(N)nc1,83
CHEMBL3670232,Cc1ncnc(N2CCC(CC(=O)NCCN(C)C)CC2)c1C#Cc1ccc(N)nc1,149
CHEMBL3670278,CCc1ncnc(N2CCc3c(ncnc3N3CCOCC3)C2)c1C#Cc1ccc(N)nc1,103
CHEMBL3670152,Cc1ncnc(N2CCC(CC(C)(C)O)CC2)c1C#Cc1ccc(N)nc1,29
CHEMBL3670162,CCc1ncnc(N2CCC(C)(O)CC2)c1C#Cc1ccc(N)nc1,38
CHEMBL3670163,CC(=O)NC1CCCN(c2ncnc(C)c2C#Cc2ccc(N)nc2)C1,158
CHEMBL3670189,CCc1ncnc(N2CCN(C3CC3)CC2)c1C#Cc1ccc(N)nc1,86
CHEMBL3670195,CCc1ncnc(N2CCOCC2)c1C#Cc1ccc(N)nc1,46
CHEMBL3670264,CCc1ncnc(N2CCN(C)C(=O)C2)c1C#Cc1ccc(N)nc1,72
CHEMBL3670161,CCc1ncnc(N2CCC3(CC2)OCCO3)c1C#Cc1ccc(N)nc1,57
CHEMBL3670206,CCOC1CCN(c2ncnc(CC)c2C#Cc2ccc(C)nc2)CC1,99
CHEMBL3670143,Cc1ncnc(N2CCOCC2)c1C#Cc1ccc(N)nc1,37
CHEMBL3670211,Cc1ncnc(N2CCC(O)(C3CCCCC3)CC2)c1C#Cc1ccc(N)nc1,98
CHEMBL3670218,CCc1ncnc(N2CCN(CC(C)(C)O)CC2)c1C#Cc1ccc(N)nc1,143
CHEMBL3670237,COCCC(=O)NCC1CCN(c2ncnc(C)c2C#Cc2ccc(N)nc2)CC1,69
CHEMBL3670257,CCc1ncnc(N2CCN(C(C)C)CC2)c1C#Cc1ccc(N)nc1,745
CHEMBL3670149,Cc1ncnc(N2CCNC(=O)CC2)c1C#Cc1ccc(N)nc1,93
CHEMBL3670165,Cc1ncnc(N2CCC3(CC2)OCCO3)c1C#Cc1ccc(N)nc1,60
CHEMBL3670173,CCc1ncnc(N2CCC(O)(CC)CC2)c1C#Cc1ccc(N)nc1,15
CHEMBL3670191,CCc1ncnc(N2CCS(=O)(=O)CC2)c1C#Cc1ccc(N)nc1,380
CHEMBL3670201,CCc1ncnc(N2CCC(O)(C(C)C)CC2)c1C#Cc1ccc(N)nc1,15
CHEMBL3670236,Cc1ncnc(N2CCC(CNC(=O)CN(C)C)CC2)c1C#Cc1ccc(N)nc1,301
CHEMBL3670250,CCc1ncnc(N2CCC3(CCN(C(C)=O)CC3)CC2)c1C#Cc1ccc(N)nc1,36
CHEMBL3670260,CCc1ncnc(N2CCN(CCN3CCOCC3)CC2)c1C#Cc1ccc(N)nc1,185
CHEMBL3670262,CCc1ncnc(N2CCc3ncncc3C2)c1C#Cc1ccc(N)nc1,50
CHEMBL3670263,CCc1ncnc(N2CCN(C3CCOCC3)CC2)c1C#Cc1ccc(N)nc1,141
CHEMBL3670247,Cc1ncnc(N2CCN(C(=O)C3CCC3)CC2)c1C#Cc1ccc(N)nc1,22
CHEMBL3670259,CCc1ncnc(N2CCn3c(COC)nnc3C2)c1C#Cc1ccc(N)nc1,97
CHEMBL3670142,Cc1ncnc(N2CC[S+]([O-])CC2)c1C#Cc1ccc(N)nc1,199
CHEMBL3670150,CCc1ncnc(N2CCC(C(C)(C)O)CC2)c1C#Cc1ccc(N)nc1,31
CHEMBL3670159,CCc1ncnc(N2CCCC(NC(C)=O)C2)c1C#Cc1ccc(N)nc1,167
CHEMBL3670164,CC(=O)NC1CCN(c2ncnc(C)c2C#Cc2ccc(N)nc2)CC1,78
CHEMBL3670175,CCC1(O)CCN(c2ncnc(C)c2C#Cc2ccc(N)nc2)CC1,50
CHEMBL3670177,COC1CCN(c2ncnc(C)c2C#Cc2ccc(N)nc2)CC1,37
CHEMBL3670199,CCc1ncnc(N2CCC3(CC2)OCCCO3)c1C#Cc1ccc(N)nc1,43
CHEMBL3670220,CCc1ncnc(N2CCC3(CCN(C)CC3)CC2)c1C#Cc1ccc(N)nc1,136
CHEMBL3670224,CCc1ncnc(N2CCC(O)CC2)c1C#Cc1ccc(NC)nc1,76
CHEMBL3670229,CCNC(=O)CC1CCN(c2ncnc(C)c2C#Cc2ccc(N)nc2)CC1,38
CHEMBL3670231,CCN(C)C(=O)CC1CCN(c2ncnc(C)c2C#Cc2ccc(N)nc2)CC1,44
CHEMBL3670235,Cc1ncnc(N2CCC(CNC(=O)CC3CCCC3)CC2)c1C#Cc1ccc(N)nc1,39
CHEMBL3670268,CCc1ncnc(N2CCc3ccccc3C2)c1C#Cc1ccc(N)nc1,56
CHEMBL3670274,CCc1ncnc(N2CCN(c3cccnc3)CC2)c1C#Cc1ccc(N)nc1,48
CHEMBL3670151,CCc1ncnc(N2CCC(O)(C3CCCCC3)CC2)c1C#Cc1ccc(N)nc1,189
CHEMBL3670170,CCc1ncnc(N2CCC(O)(C(F)(F)F)CC2)c1C#Cc1ccc(C)nc1,172
CHEMBL3670180,CCc1ncnc(N2CCC(C(F)(F)F)CC2)c1C#Cc1ccc(N)nc1,201
CHEMBL3670187,CCc1ncnc(N2CCCC(CO)C2)c1C#Cc1ccc(N)nc1,73
CHEMBL3670192,CCc1ncnc(N2CCNC(=O)CC2)c1C#Cc1ccc(N)nc1,133
CHEMBL3670204,Cc1ncnc(N2CCC(O)C(C)C2)c1C#Cc1ccc(N)nc1,90
CHEMBL3670140,Cc1ncnc(N2CCOC(C)(C)C2)c1C#Cc1ccc(N)nc1,46
CHEMBL3670144,Cc1ncnc(N2CCN(C3CC3)CC2)c1C#Cc1ccc(N)nc1,58
CHEMBL3670146,CC(=O)N1CCCN(c2ncnc(C)c2C#Cc2ccc(N)nc2)CC1,348
CHEMBL3670190,CCc1ncnc(N2CC[S+]([O-])CC2)c1C#Cc1ccc(N)nc1,104
CHEMBL3670193,CCc1ncnc(N2CCN(CCOC)CC2)c1C#Cc1ccc(N)nc1,718
CHEMBL3670202,Cc1ncnc(N2CCC(=O)CC2)c1C#Cc1ccc(N)nc1,104
CHEMBL3670205,CCc1ncnc(N2CCC(OC)CC2)c1C#Cc1ccc(C)nc1,183
CHEMBL3670208,CCc1ncnc(N2CCCC(CO)C2)c1C#Cc1ccc(C)nc1,90
CHEMBL3670221,Cc1ncnc(N2CCC3(CCNC3=O)CC2)c1C#Cc1ccc(N)nc1,32
CHEMBL3670226,Cc1ncnc(N2CCC(CC(=O)N3CCN(C)CC3)CC2)c1C#Cc1ccc(N)nc1,96
CHEMBL3670243,CCc1ncnc(N2CCN(C(=O)C3CC3)CC2)c1C#Cc1ccc(N)nc1,46
CHEMBL3670248,Cc1ncnc(N2CCN(C(=O)c3ccno3)CC2)c1C#Cc1ccc(N)nc1,39
CHEMBL3670261,CCc1ncnc(N2CCN(C3CCN(C)CC3)CC2)c1C#Cc1ccc(N)nc1,449
CHEMBL3670270,CCc1ncnc(N2CCN(c3ccccc3C(F)(F)F)CC2)c1C#Cc1ccc(N)nc1,1861
CHEMBL3670277,CCc1ncnc(N2CCN(C3COC3)CC2)c1C#Cc1ccc(N)nc1,105
CHEMBL3670168,CCc1ncnc(N2CCC(CCO)CC2)c1C#Cc1ccc(C)nc1,88
CHEMBL3639690,CCc1ncnc(N2CCC(O)C(C)C2)c1C#Cc1ccc(N)nc1,55
CHEMBL3670246,CCc1ncnc(N2CCN(C(=O)c3ccco3)CC2)c1C#Cc1ccc(N)nc1,37
CHEMBL3670256,CCc1ncnc(N2CCNC(=O)C2)c1C#Cc1ccc(N)nc1,58
CHEMBL3670267,CCc1ncnc(N2CCN(C(=O)N3CCOCC3)CC2)c1C#Cc1ccc(N)nc1,116
CHEMBL3670269,CCc1ncnc(N2CCc3cc(OC)c(OC)cc3C2)c1C#Cc1ccc(N)nc1,43
CHEMBL3670271,CCc1ncnc(N2CCN(CC(C)O)CC2)c1C#Cc1ccc(N)nc1,152
CHEMBL3670276,CCc1ncnc(N2CCN(c3ncccn3)CC2)c1C#Cc1ccc(N)nc1,48
CHEMBL3670178,CCc1ncnc(N2CCC(COC)CC2)c1C#Cc1ccc(N)nc1,87
CHEMBL3670182,CCc1ncnc(N2CCN(S(C)(=O)=O)CC2)c1C#Cc1ccc(N)nc1,88
CHEMBL3670188,CCc1ncnc(N2CCOC(C)(C)C2)c1C#Cc1ccc(N)nc1,49
CHEMBL3670197,CCc1ncnc(N2CCC(C)(OC)CC2)c1C#Cc1ccc(N)nc1,53
CHEMBL3670209,CCc1ncnc(N2CCC(CO)CC2)c1C#Cc1ccc(C)nc1,134
CHEMBL3670265,CCc1ncnc(N2CCN(CCNS(C)(=O)=O)CC2)c1C#Cc1ccc(N)nc1,60
CHEMBL3670186,CCc1ncnc(N2CCC(O)CC2)c1C#Cc1ccc(N)nc1,99
CHEMBL3670234,CCCCCC(=O)NCC1CCN(c2ncnc(C)c2C#Cc2ccc(N)nc2)CC1,23
CHEMBL3670238,Cc1ncnc(N2CCC(CNC(=O)C3CCCCC3)CC2)c1C#Cc1ccc(N)nc1,51
CHEMBL3670249,Cc1ccc(C(=O)N2CCN(c3ncnc(C)c3C#Cc3ccc(N)nc3)CC2)o1,25
CHEMBL3670251,CCc1ncnc(N2CCC3(CCN(C(=O)COC)CC3)CC2)c1C#Cc1ccc(N)nc1,37
CHEMBL3670253,CCc1ncnc(N2CCCCC2)c1C#Cc1ccc(NC)nc1,214
CHEMBL3670279,CCc1ncnc(N2CCN(Cc3nc(C)c(C)o3)CC2)c1C#Cc1ccc(N)nc1,232
CHEMBL3670141,COCCN1CCN(c2ncnc(C)c2C#Cc2ccc(N)nc2)CC1,145
CHEMBL3670155,CCc1ncnc(N2CCC(O)(c3ccccc3)CC2)c1C#Cc1ccc(N)nc1,91
CHEMBL3670156,CCc1ncnc(N2CCC(O)(Cc3ccccc3)CC2)c1C#Cc1ccc(N)nc1,115
CHEMBL3670160,CCc1ncnc(N2CCC(NC(C)=O)CC2)c1C#Cc1ccc(N)nc1,83
CHEMBL3670167,Cc1ncnc(N2CCC(O)(Cc3ccccc3)CC2)c1C#Cc1ccc(N)nc1,70
CHEMBL3670171,Cc1ncnc(N2CCC(O)(C(F)(F)F)CC2)c1C#Cc1ccc(N)nc1,24
CHEMBL3670176,CCc1ncnc(N2CCC(OCCOC)CC2)c1C#Cc1ccc(N)nc1,89
CHEMBL3670183,CCc1ncnc(N2CCC(OC)CC2)c1C#Cc1ccc(N)nc1,58
CHEMBL3670162,CCc1ncnc(N2CCC(C)(O)CC2)c1C#Cc1ccc(N)nc1,36
CHEMBL3670200,CCc1ncnc(N2CCC(=O)CC2)c1C#Cc1ccc(N)nc1,109
CHEMBL3670203,Cc1ncnc(N2CCC(O)(C(C)C)CC2)c1C#Cc1ccc(N)nc1,51
CHEMBL3670207,CCc1ncnc(N2CCC(O)CC2)c1C#Cc1ccc(C)nc1,139
CHEMBL3670210,CCc1ncnc(N2CCC(C)(O)CC2)c1C#Cc1ccc(C)nc1,84
CHEMBL3670213,Cc1ncnc(N2CCn3c(C)cnc3C2)c1C#Cc1ccc(N)nc1,60
CHEMBL3670233,CC(=O)NCC1CCN(c2ncnc(C)c2C#Cc2ccc(N)nc2)CC1,36
CHEMBL3670242,CCc1ncnc(N2CCN(C(=O)CC#N)CC2)c1C#Cc1ccc(N)nc1,60
CHEMBL3670245,CCc1ncnc(N2CCN(C(=O)OC)CC2)c1C#Cc1ccc(N)nc1,52
CHEMBL3670254,CCc1ncnc(N2CCc3ncccc3C2)c1C#Cc1ccc(N)nc1,333
CHEMBL3670255,CCc1ncnc(N2CCC3(CCCCC3)CC2)c1C#Cc1ccc(N)nc1,369
CHEMBL3670266,CCc1ncnc(N2CCN(CCCS(C)(=O)=O)CC2)c1C#Cc1ccc(N)nc1,108
CHEMBL3670275,CCc1ncnc(N2CCN(c3ccccc3)CC2)c1C#Cc1ccc(N)nc1,129
CHEMBL3670272,CCc1ncnc(N2CCN(c3ccccn3)CC2)c1C#Cc1ccc(N)nc1,42
CHEMBL3670273,CCc1ncnc(N2CCN(c3ccncc3)CC2)c1C#Cc1ccc(N)nc1,229
CHEMBL3670196,CCc1ncnc(N2CCCC2)c1C#Cc1ccc(N)nc1,131
CHEMBL3670198,Cc1ncnc(N2CCC3(CC2)OCCCO3)c1C#Cc1ccc(N)nc1,14
CHEMBL3670228,COCCNC(=O)CC1CCN(c2ncnc(C)c2C#Cc2ccc(N)nc2)CC1,66
CHEMBL3670169,Cc1ncnc(N2CCC(CCO)CC2)c1C#Cc1ccc(N)nc1,14
CHEMBL3670174,CCc1ncnc(N2CCC(O)(C(C)C)CC2)c1C#Cc1ccc(C)nc1,172
CHEMBL3670181,CCc1ncnc(N2CCC(F)(F)CC2)c1C#Cc1ccc(N)nc1,196
CHEMBL3670184,CCc1ncnc(N2CCC(CO)CC2)c1C#Cc1ccc(N)nc1,58
CHEMBL3670214,CCc1ncnc(N2CCC3(CCN(C)C3=O)CC2)c1C#Cc1ccc(N)nc1,67
CHEMBL3670215,CCc1ncnc(N2CCn3c(C)cnc3C2)c1C#Cc1ccc(N)nc1,72
CHEMBL3670219,CCc1ncnc(N2CCC3(CC2)CC(=O)NC(=O)C3)c1C#Cc1ccc(N)nc1,38
CHEMBL3670222,CCc1ncnc(N2CCC3(CCNC3=O)CC2)c1C#Cc1ccc(N)nc1,95
CHEMBL3670227,Cc1ncnc(N2CCC(CC(=O)N(C)CCN(C)C)CC2)c1C#Cc1ccc(N)nc1,2001
CHEMBL3670258,CCc1ncnc(N2CCC3(CC2)COC3)c1C#Cc1ccc(N)nc1,55
CHEMBL3670145,Cc1ncnc(N2CCCOCC2)c1C#Cc1ccc(N)nc1,246
CHEMBL3670148,Cc1ncnc(N2C[C@@H](C)O[C@@H](C)C2)c1C#Cc1ccc(N)nc1,34
CHEMBL3670153,CCc1ncnc(N2CCC(CC(C)(C)O)CC2)c1C#Cc1ccc(N)nc1,26
CHEMBL3670154,CCc1ncnc(N2CCC(C=C(C)C)CC2)c1C#Cc1ccc(N)nc1,622
CHEMBL3670158,CCc1ncnc(N2CCC(O)(C(F)(F)F)CC2)c1C#Cc1ccc(N)nc1,53
CHEMBL3670166,Cc1ncnc(N2CCC(O)(c3ccccc3)CC2)c1C#Cc1ccc(N)nc1,22
CHEMBL3670172,CCc1ncnc(N2CCC(O)(CC)CC2)c1C#Cc1ccc(C)nc1,102
CHEMBL3670179,CCc1ncnc(N2CCN(C(C)=O)CC2)c1C#Cc1ccc(N)nc1,62
CHEMBL3670185,CCOC1CCN(c2ncnc(CC)c2C#Cc2ccc(N)nc2)CC1,77
CHEMBL3670194,CCc1ncnc(N2CCN(C)CC2)c1C#Cc1ccc(N)nc1,1551
CHEMBL3670212,Cc1ncnc(N2CCC3(CCN(C)C3=O)CC2)c1C#Cc1ccc(N)nc1,48
CHEMBL3670223,CCc1ncnc(N2CCC(OC)CC2)c1C#Cc1ccc(NC)nc1,94
CHEMBL3670225,Cc1ncnc(N2CCC(CC(=O)N(C)C)CC2)c1C#Cc1ccc(N)nc1,54
CHEMBL3670239,Cc1ncnc(N2CCC(CNC(=O)CC(C)C)CC2)c1C#Cc1ccc(N)nc1,47
CHEMBL3670240,CCc1ncnc(N2CCN(C(=O)NC)CC2)c1C#Cc1ccc(N)nc1,33
CHEMBL3670241,CCc1ncnc(N2CCN(C(=O)c3ccccn3)CC2)c1C#Cc1ccc(N)nc1,47
CHEMBL3670244,CCc1ncnc(N2CCN(C(=O)c3ccccc3)CC2)c1C#Cc1ccc(N)nc1,110
CHEMBL3670252,CCc1ncnc(N2CCC3(CCN(C(=O)NC)CC3)CC2)c1C#Cc1ccc(N)nc1,50
CHEMBL3670147,Cc1ncnc(N2CCN(C)CC2)c1C#Cc1ccc(N)nc1,547
CHEMBL3670157,CCc1ncnc(N2CCC(CCO)CC2)c1C#Cc1ccc(N)nc1,35
CHEMBL3655865,Cc1ccccc1S(=O)(=O)Nc1cc(C#Cc2c(C)ncnc2N2CCOCC2)cnc1C,1
CHEMBL3655856,Cc1ncc(C#Cc2c(C)ncnc2N2CCOCC2)cc1NS(=O)(=O)c1ccccc1F,0.65
CHEMBL3655866,COCCS(=O)(=O)Nc1cc(C#Cc2c(C)ncnc2N2CCOCC2)cnc1C,4
CHEMBL3655867,Cc1ncc(C#Cc2c(C)ncnc2N2CCOCC2)cc1NS(=O)(=O)c1ccccc1C(F)(F)F,0.63
CHEMBL3655870,Cc1ncc(C#Cc2c(C)ncnc2N(C)C2CCOCC2)cc1NS(=O)(=O)c1ccc(F)cc1F,0.86
CHEMBL3655875,Cc1ncnc(N2CCOCC2)c1C#Cc1cncc(NS(=O)(=O)c2cccs2)c1,0.53
CHEMBL3655886,CCc1ncnc(N(C)C)c1C#Cc1cnc(C)c(NS(C)(=O)=O)c1,8
CHEMBL3655892,Cc1ncc(C#Cc2c(C)ncnc2N2CCOCC2)cc1NS(=O)(=O)C(C)C,2
CHEMBL3655894,Cc1ncc(C#Cc2c(C)ncnc2N2CCOCC2)cc1NS(=O)(=O)c1ccccc1,0.28
CHEMBL3655900,CCc1ncnc(N2CCC(O)CC2)c1C#Cc1cnc(C)c(NS(C)(=O)=O)c1,0.86
CHEMBL3655901,Cc1ncc(C#Cc2c(C)ncnc2N2CCOCC2)cc1NS(=O)(=O)c1cnoc1C,21
CHEMBL3660131,COc1ncc(C#Cc2c(C)ncnc2N2CCOCC2)cc1NS(=O)(=O)c1cnn(C)c1,0.55
CHEMBL3660133,COCCN(C)c1ncnc(C)c1C#Cc1cnc(C)c(NS(=O)(=O)c2ccccc2)c1,5
CHEMBL3655868,Cc1ncc(C#Cc2c(C)ncnc2N2CCCCC2)cc1NS(=O)(=O)c1ccc(F)cc1F,0.85
CHEMBL3655871,CC(=O)N1CCN(c2ncnc(C)c2C#Cc2cnc(C)c(NS(=O)(=O)c3ccc(F)cc3F)c2)CC1,0.79
CHEMBL3655874,Cc1ncnc(N2CCOCC2)c1C#Cc1cncc(NS(=O)(=O)c2ccc(F)cc2F)c1,0.46
CHEMBL3655881,CCc1ncnc(N(C)C)c1C#Cc1cnc(C)c(NS(=O)(=O)c2ccc(F)cc2)c1,1
CHEMBL3655885,Cc1ncc(C#Cc2c(C)ncnc2N2CCOCC2)cc1NS(=O)(=O)c1cc(F)cc(F)c1,0.97
CHEMBL3655897,CCc1nc(N)nc(N2CCC(C)(O)CC2)c1C#Cc1cnc(C)c(NS(C)(=O)=O)c1,3
CHEMBL3655899,CCc1ncnc(N2CCC(OC)CC2)c1C#Cc1cnc(C)c(NS(C)(=O)=O)c1,4
CHEMBL3655903,Cc1ncc(C#Cc2c(C)ncnc2N2CCOCC2)cc1NS(=O)(=O)c1ccco1,2
CHEMBL3660098,Cc1ncc(C#Cc2c(C)ncnc2N2CCOCC2)cc1NS(=O)(=O)c1c(C)noc1C,2
CHEMBL3660104,Cc1ncc(C#Cc2c(C)ncnc2N2CCN(C)C(=O)C2)cc1NS(=O)(=O)c1ccccc1,2
CHEMBL3660115,Cc1ncc(C#Cc2c(C)ncnc2N(C)CC2CCOC2)cc1NS(=O)(=O)c1ccccc1,8
CHEMBL3660121,CCc1ncnc(N2CCOCC2)c1C#Cc1cnc(OC)c(NS(=O)(=O)CCOC)c1,2
CHEMBL3660127,COc1ncc(C#Cc2c(C)ncnc2N2CCOCC2)cc1NS(=O)(=O)c1ccc(Cl)cc1,0.3
CHEMBL3660129,COc1ncc(C#Cc2c(C)ncnc2N2CCOCC2)cc1NS(=O)(=O)c1cccs1,0.39
CHEMBL3660130,COc1ncc(C#Cc2c(C)ncnc2N2CCOCC2)cc1NS(=O)(=O)c1ccnn1C,0.45
CHEMBL3655876,Cc1ncnc(N2CCOCC2)c1C#Cc1cncc(NS(=O)(=O)c2cccnc2)c1,0.8
CHEMBL3655877,Cc1ncnc(N2CCOCC2)c1C#Cc1cncc(NS(=O)(=O)c2cnn(C)c2)c1,0.66
CHEMBL3655890,CCc1nc(N)nc(N2CCCCC2)c1C#Cc1cnc(C)c(NS(C)(=O)=O)c1,5
CHEMBL3655891,Cc1ncc(C#Cc2c(C)ncnc2N2CCOCC2)cc1NS(C)(=O)=O,1
CHEMBL3660125,COc1ncc(C#Cc2c(C)ncnc2N2CCOCC2)cc1NS(=O)(=O)c1ccccc1OC(F)(F)F,0.5
CHEMBL3655860,Cc1ncc(C#Cc2c(C)ncnc2N2CCOCC2)cc1NS(=O)(=O)c1cccc(F)c1,1
CHEMBL3655861,Cc1ncc(C#Cc2c(C)ncnc2N2CCOCC2)cc1NS(=O)(=O)c1c(F)cccc1F,0.8
CHEMBL3655869,Cc1ncc(C#Cc2c(C)ncnc2N(C)C(C)C)cc1NS(=O)(=O)c1ccc(F)cc1F,0.74
CHEMBL3655895,Cc1ncnc(N2CCOCC2)c1C#Cc1c[nH]c(=O)c(NS(=O)(=O)c2ccc(F)cc2F)c1,0.51
CHEMBL3655857,CCCS(=O)(=O)Nc1cc(C#Cc2c(C)ncnc2N2CCOCC2)cnc1C,5
CHEMBL3660105,CC(=O)N1CCN(c2ncnc(C)c2C#Cc2cnc(C)c(NS(=O)(=O)c3ccccc3)c2)CC1,2
CHEMBL3660109,CCc1ncnc(N2CCN(C)CC2)c1C#Cc1cnc(C)c(NS(=O)(=O)c2ccc(F)cc2)c1,0.89
CHEMBL3660114,Cc1ncc(C#Cc2c(C)ncnc2N2CCOC[C@@H]2C)cc1NS(=O)(=O)c1ccccc1,0.2
CHEMBL3655882,CCc1ncnc(N2CCN(C3CC3)CC2)c1C#Cc1cnc(C)c(NS(=O)(=O)c2ccc(F)cc2)c1,5
CHEMBL3655883,COc1ncc(C#Cc2c(C)ncnc2N2CCOCC2)cc1NS(=O)(=O)c1ccc(F)cc1F,0.44
CHEMBL3660102,COCCN1CCN(c2ncnc(C)c2C#Cc2cnc(C)c(NS(=O)(=O)c3ccccc3)c2)CC1,0.83
CHEMBL3660103,Cc1ncc(C#Cc2c(C)ncnc2N2CCN(C3CC3)CC2)cc1NS(=O)(=O)c1ccccc1,16
CHEMBL3660116,Cc1ncc(C#Cc2c(C)ncnc2N2CCCOCC2)cc1NS(=O)(=O)c1ccccc1,2
CHEMBL3639589,Cc1ncc(C#Cc2c(C)ncnc2NC(C)C)cc1NS(=O)(=O)c1ccccc1,6
CHEMBL3660120,CCc1ncnc(N2CCOCC2)c1C#Cc1cnc(OC)c(NS(=O)(=O)C2CC2)c1,1
CHEMBL3660123,CCc1ncnc(N2CCOCC2)c1C#Cc1cnc(OC)c(NS(=O)(=O)c2ccco2)c1,0.55
CHEMBL3660132,COc1ncc(C#Cc2c(C)ncnc2N2CCOCC2)cc1NS(=O)(=O)c1ccc(C)o1,0.53
CHEMBL3655902,Cc1cc(S(=O)(=O)Nc2cc(C#Cc3c(C)ncnc3N3CCOCC3)cnc2C)c(C)s1,0.55
CHEMBL3655906,Cc1ncc(C#Cc2c(C)ncnc2N2CCOCC2)cc1NS(=O)(=O)c1ccc(Cl)s1,0.47
CHEMBL3660101,Cc1ncc(C#Cc2c(C)ncnc2N2CCOCC2)cc1NS(=O)(=O)c1ccnn1C,0.44
CHEMBL3660126,COc1ncc(C#Cc2c(C)ncnc2N2CCOCC2)cc1NS(=O)(=O)c1ccccc1C(F)(F)F,0.44
CHEMBL3655858,COc1cccc(S(=O)(=O)Nc2cc(C#Cc3c(C)ncnc3N3CCOCC3)cnc2C)c1,1
CHEMBL3655904,Cc1ncc(C#Cc2c(C)ncnc2N2CCOCC2)cc1NS(=O)(=O)c1ccoc1,1
CHEMBL3660111,CCc1ncnc(N2CCN(S(C)(=O)=O)CC2)c1C#Cc1cnc(C)c(NS(=O)(=O)c2ccc(F)cc2)c1,0.14
CHEMBL3660113,Cc1ncc(C#Cc2c(C)ncnc2N2CCOC[C@H]2C)cc1NS(=O)(=O)c1ccccc1,2
CHEMBL3660119,CCc1ncnc(N2CCOCC2)c1C#Cc1cnc(OC)c(NS(=O)(=O)CC)c1,2
CHEMBL3655872,Cc1ncc(C#Cc2c(C)ncnc2N2CCN(C)CC2)cc1NS(=O)(=O)c1ccc(F)cc1F,1
CHEMBL3655887,CCc1ncnc(NC)c1C#Cc1cnc(C)c(NS(C)(=O)=O)c1,49
CHEMBL3660110,CCc1ncnc(N2CCC(O)CC2)c1C#Cc1cnc(C)c(NS(=O)(=O)c2ccc(F)cc2)c1,0.48
CHEMBL3660124,COc1ncc(C#Cc2c(C)ncnc2N2CCOCC2)cc1NS(C)(=O)=O,0.64
CHEMBL3660128,COc1ncc(C#Cc2c(C)ncnc2N2CCOCC2)cc1NS(=O)(=O)c1ccc(Cl)s1,0.38
CHEMBL3655862,Cc1ncc(C#Cc2c(C)ncnc2N2CCOCC2)cc1NS(=O)(=O)c1ccccc1Br,1
CHEMBL3655893,Cc1ncc(C#Cc2c(C)ncnc2N2CCOCC2)cc1NS(=O)(=O)C1CCCCC1,5
CHEMBL3660118,CCc1ncnc(N2CCOCC2)c1C#Cc1cnc(OC)c(NS(C)(=O)=O)c1,1
CHEMBL3655884,Cc1ncc(C#Cc2c(C)ncnc2N2CCOCC2)cc1NS(=O)(=O)c1ccc(F)cc1,0.43
CHEMBL3655888,CCc1nc(N)nc(N2CCC(OC)CC2)c1C#Cc1cnc(C)c(NS(C)(=O)=O)c1,2
CHEMBL3655889,CCc1nc(N)nc(N2CCC(O)CC2)c1C#Cc1cnc(C)c(NS(C)(=O)=O)c1,5
CHEMBL3655863,Cc1ncc(C#Cc2c(C)ncnc2N2CCOCC2)cc1NS(=O)(=O)c1cn(C)cn1,1
CHEMBL3655873,Cc1ncnc(N2CCOCC2)c1C#Cc1cncc(NS(=O)(=O)c2ccccc2)c1,0.46
CHEMBL3655879,CCc1ncnc(N2CCOCC2)c1C#Cc1cnc(OC)c(NS(=O)(=O)c2ccc(F)cc2F)c1,0.63
CHEMBL3655855,COc1ncc(C#Cc2c(C)ncnc2N2CCOCC2)cc1NS(=O)(=O)c1ccccc1,0.4
CHEMBL3655859,Cc1ncc(C#Cc2c(C)ncnc2N2CCOCC2)cc1NS(=O)(=O)c1ccccc1Cl,1
CHEMBL3655896,CCc1ncnc(N2CCC(C)(O)CC2)c1C#Cc1cnc(C)c(NS(C)(=O)=O)c1,0.55
CHEMBL3655864,Cc1ncc(C#Cc2c(C)ncnc2N2CCOCC2)cc1NS(=O)(=O)c1cccs1,0.72
CHEMBL3655878,Cc1ncnc(N2CCOCC2)c1C#Cc1cncc(NS(C)(=O)=O)c1,4
CHEMBL3655880,CCc1ncnc(N2CCOCC2)c1C#Cc1cnc(OC)c(NS(=O)(=O)c2ccccc2)c1,0.59
CHEMBL3655898,CCc1ncnc(N2CCCCC2)c1C#Cc1cnc(C)c(NS(C)(=O)=O)c1,2
CHEMBL3655905,Cc1ncc(C#Cc2c(C)ncnc2N2CCOCC2)cc1NS(=O)(=O)c1cnn(C)c1,0.56
CHEMBL3660099,Cc1ncc(C#Cc2c(C)ncnc2N2CCOCC2)cc1NS(=O)(=O)c1cccnc1,1
CHEMBL3660100,Cc1ncc(C#Cc2c(C)ncnc2N2CCOCC2)cc1NS(=O)(=O)c1cn(C)c(C)n1,1
CHEMBL3660106,CC(=O)N1CCCN(c2ncnc(C)c2C#Cc2cnc(C)c(NS(=O)(=O)c3ccccc3)c2)CC1,3
CHEMBL3660107,Cc1ncc(C#Cc2c(C)ncnc2N2CCCCC2)cc1NS(=O)(=O)c1ccccc1,3
CHEMBL3660112,CCc1ncnc(N2CCN(C(C)=O)CC2)c1C#Cc1cnc(C)c(NS(=O)(=O)c2ccc(F)cc2)c1,0.47
CHEMBL3660133,COCCN(C)c1ncnc(C)c1C#Cc1cnc(C)c(NS(=O)(=O)c2ccccc2)c1,5
CHEMBL3660108,Cc1ncc(C#Cc2c(C)ncnc2N2CCOCC2)cc1NS(=O)(=O)N1CCCC1,2
CHEMBL3660117,COC1CCN(c2ncnc(C)c2C#Cc2cnc(C)c(NS(=O)(=O)c3ccccc3)c2)CC1,2
CHEMBL3660122,CCc1ncnc(N2CCOCC2)c1C#Cc1cnc(OC)c(NS(=O)(=O)c2cccs2)c1,0.75
